Age,EmployeeNumber,Attrition,Department,DistanceFromHome,Education,EducationField,EnvironmentSatisfaction,Gender,JobInvolvement,JobLevel,JobRole,JobSatisfaction,MaritalStatus,MonthlyIncome,NumCompaniesWorked,OverTime,RelationshipSatisfaction,TotalWorkingYears,WorkLifeBalance,YearsAtCompany,YearsInCurrentRole,YearsSinceLastPromotion,YearsWithCurrManager,PercentSalaryHike,Attrition Flag,Age Group,Income Group,Tenure Group,Salary Hike Group
41,1,Yes,Sales,1,2,Life Sciences,2,Female,3,2,Sales Executive,4,Single,5993,8,Yes,1,8,1,6,4,0,5,11,1,Mid,Medium,Mid,Low
49,2,No,Research & Development,8,1,Life Sciences,3,Male,2,2,Research Scientist,2,Married,5130,1,No,4,10,3,10,7,1,7,23,0,Senior,Medium,Long,High
37,4,Yes,Research & Development,2,2,Other,4,Male,2,1,Laboratory Technician,3,Single,2090,6,Yes,2,7,3,0,0,0,0,15,1,Mid,Low,Early,Medium
33,5,No,Research & Development,3,4,Life Sciences,4,Female,3,1,Research Scientist,3,Married,2909,1,Yes,3,8,3,8,7,3,0,11,0,Mid,Low,Long,Low
27,7,No,Research & Development,2,1,Medical,1,Male,3,1,Laboratory Technician,2,Married,3468,9,No,4,6,3,2,2,2,2,12,0,Young,Low,Early,Low
32,8,No,Research & Development,2,2,Life Sciences,4,Male,3,1,Laboratory Technician,4,Single,3068,0,No,3,8,2,7,7,3,6,13,0,Mid,Low,Long,Medium
59,10,No,Research & Development,3,3,Medical,3,Female,4,1,Laboratory Technician,1,Married,2670,4,Yes,1,12,2,1,0,0,0,20,0,Senior,Low,Early,High
30,11,No,Research & Development,24,1,Life Sciences,4,Male,3,1,Laboratory Technician,3,Divorced,2693,1,No,2,1,3,1,0,0,0,22,0,Mid,Low,Early,High
38,12,No,Research & Development,23,3,Life Sciences,4,Male,2,3,Manufacturing Director,3,Single,9526,0,No,2,10,3,9,7,1,8,21,0,Mid,Medium,Long,High
36,13,No,Research & Development,27,3,Medical,3,Male,3,2,Healthcare Representative,3,Married,5237,6,No,2,17,2,7,7,7,7,13,0,Mid,Medium,Long,Medium
35,14,No,Research & Development,16,3,Medical,1,Male,4,1,Laboratory Technician,2,Married,2426,0,No,3,6,3,5,4,0,3,13,0,Mid,Low,Mid,Medium
29,15,No,Research & Development,15,2,Life Sciences,4,Female,2,2,Laboratory Technician,3,Single,4193,0,Yes,4,10,3,9,5,0,8,12,0,Young,Low,Long,Low
31,16,No,Research & Development,26,1,Life Sciences,1,Male,3,1,Research Scientist,3,Divorced,2911,1,No,4,5,2,5,2,4,3,17,0,Mid,Low,Mid,Medium
34,18,No,Research & Development,19,2,Medical,2,Male,3,1,Laboratory Technician,4,Divorced,2661,0,No,3,3,3,2,2,1,2,11,0,Mid,Low,Early,Low
28,19,Yes,Research & Development,24,3,Life Sciences,3,Male,2,1,Laboratory Technician,3,Single,2028,5,Yes,2,6,3,4,2,0,3,14,1,Young,Low,Mid,Medium
29,20,No,Research & Development,21,4,Life Sciences,2,Female,4,3,Manufacturing Director,1,Divorced,9980,1,No,3,10,3,10,9,8,8,11,0,Young,Medium,Long,Low
32,21,No,Research & Development,5,2,Life Sciences,1,Male,4,1,Research Scientist,2,Divorced,3298,0,Yes,4,7,2,6,2,0,5,12,0,Mid,Low,Mid,Low
22,22,No,Research & Development,16,2,Medical,4,Male,4,1,Laboratory Technician,4,Divorced,2935,1,Yes,2,1,2,1,0,0,0,13,0,Young,Low,Early,Medium
53,23,No,Sales,2,4,Life Sciences,1,Female,2,4,Manager,4,Married,15427,2,No,3,31,3,25,8,3,7,16,0,Senior,High,Long,Medium
38,24,No,Research & Development,2,3,Life Sciences,4,Male,3,1,Research Scientist,4,Single,3944,5,Yes,3,6,3,3,2,1,2,11,0,Mid,Low,Mid,Low
24,26,No,Research & Development,11,2,Other,1,Female,4,2,Manufacturing Director,3,Divorced,4011,0,No,4,5,2,4,2,1,3,18,0,Young,Low,Mid,High
36,27,Yes,Sales,9,4,Life Sciences,3,Male,2,1,Sales Representative,1,Single,3407,7,No,2,10,3,5,3,0,3,23,1,Mid,Low,Mid,High
34,28,No,Research & Development,7,4,Life Sciences,1,Female,3,3,Research Director,2,Single,11994,0,No,3,13,3,12,6,2,11,11,0,Mid,High,Long,Low
21,30,No,Research & Development,15,2,Life Sciences,3,Male,3,1,Research Scientist,4,Single,1232,1,No,4,0,3,0,0,0,0,14,0,Young,Low,Early,Medium
34,31,Yes,Research & Development,6,1,Medical,2,Male,3,1,Research Scientist,1,Single,2960,2,No,3,8,3,4,2,1,3,11,1,Mid,Low,Mid,Low
53,32,No,Research & Development,5,3,Other,3,Female,3,5,Manager,3,Divorced,19094,4,No,4,26,2,14,13,4,8,11,0,Senior,High,Long,Low
32,33,Yes,Research & Development,16,1,Life Sciences,2,Female,1,1,Research Scientist,1,Single,3919,1,Yes,2,10,3,10,2,6,7,22,1,Mid,Low,Long,High
42,35,No,Sales,8,4,Marketing,3,Male,3,2,Sales Executive,2,Married,6825,0,No,4,10,3,9,7,4,2,11,0,Mid,Medium,Long,Low
44,36,No,Research & Development,7,4,Medical,1,Female,2,3,Healthcare Representative,4,Married,10248,3,No,4,24,3,22,6,5,17,14,0,Mid,High,Long,Medium
46,38,No,Sales,2,4,Marketing,2,Female,3,5,Manager,1,Single,18947,3,No,4,22,2,2,2,2,1,12,0,Senior,High,Early,Low
33,39,No,Research & Development,2,3,Medical,3,Male,3,1,Laboratory Technician,4,Single,2496,4,No,4,7,3,1,1,0,0,11,0,Mid,Low,Early,Low
44,40,No,Research & Development,10,4,Other,4,Male,3,2,Healthcare Representative,4,Married,6465,2,Yes,4,9,4,4,2,1,3,13,0,Mid,Medium,Mid,Medium
30,41,No,Research & Development,9,2,Medical,4,Male,2,1,Laboratory Technician,3,Single,2206,1,No,1,10,3,10,0,1,8,13,0,Mid,Low,Long,Medium
39,42,Yes,Sales,5,3,Technical Degree,4,Male,3,2,Sales Representative,4,Married,2086,3,No,3,19,4,1,0,0,0,14,1,Mid,Low,Early,Medium
24,45,Yes,Research & Development,1,3,Medical,2,Male,3,1,Research Scientist,4,Married,2293,2,Yes,1,6,2,2,0,2,0,16,1,Young,Low,Early,Medium
43,46,No,Research & Development,2,2,Medical,4,Female,4,1,Research Scientist,3,Divorced,2645,1,No,4,6,2,5,3,1,4,12,0,Mid,Low,Mid,Low
50,47,Yes,Sales,3,2,Marketing,1,Male,2,1,Sales Representative,3,Married,2683,1,Yes,3,3,3,3,2,0,2,14,1,Senior,Low,Mid,Medium
35,49,No,Sales,2,3,Marketing,4,Female,3,1,Sales Representative,4,Married,2014,1,No,1,2,3,2,2,2,2,13,0,Mid,Low,Early,Medium
36,51,No,Research & Development,5,4,Life Sciences,2,Female,2,1,Research Scientist,1,Married,3419,9,Yes,4,6,4,1,1,0,0,14,0,Mid,Low,Early,Medium
33,52,No,Sales,1,3,Life Sciences,3,Female,4,2,Sales Executive,1,Married,5376,2,No,1,10,3,5,3,1,3,19,0,Mid,Medium,Mid,High
35,53,No,Research & Development,4,2,Other,3,Male,3,1,Laboratory Technician,4,Divorced,1951,1,No,3,1,3,1,0,0,0,12,0,Mid,Low,Early,Low
27,54,No,Research & Development,2,4,Life Sciences,4,Female,3,1,Laboratory Technician,1,Divorced,2341,1,No,4,1,3,1,0,0,0,13,0,Young,Low,Early,Medium
26,55,Yes,Research & Development,25,3,Life Sciences,1,Male,1,1,Laboratory Technician,3,Single,2293,1,No,3,1,2,1,0,0,1,12,1,Young,Low,Early,Low
27,56,No,Sales,8,3,Life Sciences,4,Male,3,3,Sales Executive,3,Single,8726,1,No,4,9,3,9,8,1,7,15,0,Young,Medium,Long,Medium
30,57,No,Research & Development,1,2,Medical,3,Female,3,2,Laboratory Technician,4,Single,4011,1,No,4,12,3,12,8,3,7,23,0,Mid,Low,Long,High
41,58,Yes,Research & Development,12,3,Technical Degree,2,Female,3,5,Research Director,3,Married,19545,1,No,4,23,3,22,15,15,8,12,1,Mid,High,Long,Low
34,60,No,Sales,23,4,Marketing,2,Male,3,2,Sales Executive,3,Single,4568,0,No,3,10,3,9,5,8,7,20,0,Mid,Low,Long,High
37,61,No,Research & Development,19,2,Life Sciences,2,Male,3,1,Research Scientist,2,Married,3022,4,No,1,8,3,1,0,0,0,21,0,Mid,Low,Early,High
46,62,No,Sales,5,4,Marketing,1,Male,3,2,Sales Executive,4,Single,5772,4,Yes,3,14,3,9,6,0,8,21,0,Senior,Medium,Long,High
35,63,No,Research & Development,8,1,Life Sciences,4,Male,4,1,Laboratory Technician,4,Married,2269,1,No,4,1,3,1,0,0,1,19,0,Mid,Low,Early,High
48,64,Yes,Research & Development,1,2,Life Sciences,1,Male,2,3,Laboratory Technician,3,Single,5381,9,Yes,4,23,3,1,0,0,0,13,1,Senior,Medium,Early,Medium
28,65,Yes,Research & Development,5,4,Technical Degree,3,Male,3,1,Laboratory Technician,3,Single,3441,1,Yes,3,2,2,2,2,2,2,13,1,Young,Low,Early,Medium
44,68,No,Sales,1,5,Marketing,2,Female,3,2,Sales Executive,1,Divorced,5454,5,Yes,3,9,2,4,3,1,3,21,0,Mid,Medium,Mid,High
35,70,No,Research & Development,11,2,Medical,3,Male,2,3,Healthcare Representative,1,Married,9884,2,Yes,3,10,3,4,0,2,3,13,0,Mid,Medium,Mid,Medium
26,72,No,Sales,23,3,Marketing,3,Female,2,2,Sales Executive,4,Married,4157,7,Yes,3,5,2,2,2,0,0,19,0,Young,Low,Early,High
33,73,No,Research & Development,1,2,Life Sciences,1,Female,3,3,Research Director,4,Single,13458,1,Yes,3,15,3,15,14,8,12,12,0,Mid,High,Long,Low
35,74,No,Sales,18,5,Life Sciences,2,Male,3,3,Sales Executive,1,Married,9069,1,No,4,9,2,9,8,1,8,22,0,Mid,Medium,Long,High
35,75,No,Research & Development,23,4,Medical,3,Female,3,1,Laboratory Technician,1,Married,4014,3,Yes,3,4,3,2,2,2,2,15,0,Mid,Low,Early,Medium
31,76,No,Research & Development,7,4,Life Sciences,4,Male,3,2,Laboratory Technician,4,Divorced,5915,3,No,4,10,2,7,7,1,7,22,0,Mid,Medium,Long,High
37,77,No,Research & Development,1,4,Life Sciences,1,Male,2,2,Manufacturing Director,3,Divorced,5993,1,No,3,7,4,7,5,0,7,18,0,Mid,Medium,Long,High
32,78,No,Research & Development,1,3,Medical,1,Male,3,2,Manufacturing Director,4,Married,6162,1,Yes,2,9,3,9,8,7,8,22,0,Mid,Medium,Long,High
38,79,No,Research & Development,29,5,Life Sciences,4,Female,3,2,Laboratory Technician,4,Single,2406,1,No,4,10,3,10,3,9,9,11,0,Mid,Low,Long,Low
50,80,No,Research & Development,7,2,Medical,2,Female,2,5,Research Director,3,Divorced,18740,5,Yes,4,29,2,27,3,13,8,12,0,Senior,High,Long,Low
59,81,No,Sales,25,3,Life Sciences,1,Female,3,3,Sales Executive,1,Single,7637,7,No,4,28,2,21,16,7,9,11,0,Senior,Medium,Long,Low
36,83,No,Research & Development,8,3,Technical Degree,3,Female,3,3,Healthcare Representative,3,Divorced,10096,1,No,2,17,3,17,14,12,8,13,0,Mid,High,Long,Medium
55,84,No,Research & Development,8,3,Medical,4,Female,3,4,Manager,3,Divorced,14756,2,Yes,3,21,3,5,0,0,2,14,0,Senior,High,Mid,Medium
36,85,No,Research & Development,11,3,Life Sciences,2,Male,2,2,Manufacturing Director,2,Single,6499,1,No,3,6,3,6,5,0,3,13,0,Mid,Medium,Mid,Medium
45,86,No,Research & Development,7,3,Life Sciences,2,Male,3,3,Research Scientist,1,Divorced,9724,2,No,3,25,3,1,0,0,0,17,0,Senior,Medium,Early,Medium
35,88,No,Research & Development,1,3,Medical,2,Male,3,1,Research Scientist,1,Married,2194,4,No,4,5,2,3,2,1,2,13,0,Mid,Low,Mid,Medium
36,90,Yes,Research & Development,9,3,Medical,4,Male,2,1,Research Scientist,3,Married,3388,0,Yes,1,2,2,1,0,0,0,17,1,Mid,Low,Early,Medium
59,91,No,Sales,1,1,Life Sciences,1,Female,2,2,Sales Executive,3,Single,5473,7,No,4,20,2,4,3,1,3,11,0,Senior,Medium,Mid,Low
29,94,No,Research & Development,2,3,Life Sciences,3,Male,3,1,Research Scientist,2,Married,2703,0,No,4,6,3,5,4,0,4,23,0,Young,Low,Mid,High
31,95,No,Research & Development,1,4,Medical,3,Male,3,1,Research Scientist,2,Single,2501,1,No,2,1,3,1,1,1,0,17,0,Mid,Low,Early,Medium
32,96,No,Research & Development,1,3,Life Sciences,2,Male,3,2,Research Scientist,2,Married,6220,1,No,2,10,3,10,4,0,9,17,0,Mid,Medium,Long,Medium
36,97,No,Research & Development,6,3,Life Sciences,2,Female,4,1,Laboratory Technician,4,Married,3038,3,No,2,5,3,1,0,0,0,12,0,Mid,Low,Early,Low
31,98,No,Research & Development,8,4,Life Sciences,3,Female,3,2,Manufacturing Director,4,Single,4424,1,No,4,11,3,11,7,1,8,23,0,Mid,Low,Long,High
35,100,No,Sales,1,4,Marketing,3,Male,2,2,Sales Executive,1,Single,4312,0,No,2,16,3,15,13,2,8,14,0,Mid,Low,Long,Medium
45,101,No,Research & Development,6,4,Other,4,Male,3,3,Research Director,1,Married,13245,4,Yes,2,17,4,0,0,0,0,14,0,Senior,High,Early,Medium
37,102,No,Research & Development,7,4,Medical,1,Male,3,3,Research Director,3,Single,13664,4,No,1,16,4,5,2,0,2,13,0,Mid,High,Mid,Medium
46,103,No,Human Resources,5,2,Medical,2,Male,3,2,Human Resources,2,Divorced,5021,8,Yes,4,16,3,4,2,0,2,22,0,Senior,Medium,Mid,High
30,104,No,Research & Development,1,1,Life Sciences,4,Male,2,2,Laboratory Technician,4,Married,5126,1,Yes,3,10,2,10,8,3,0,12,0,Mid,Medium,Long,Low
35,105,No,Research & Development,1,3,Medical,2,Male,2,1,Research Scientist,3,Single,2859,1,No,1,6,3,6,4,0,4,18,0,Mid,Low,Mid,High
55,106,No,Sales,1,2,Life Sciences,1,Male,3,3,Sales Executive,4,Married,10239,3,No,4,24,3,1,0,1,0,14,0,Senior,High,Early,Medium
38,107,No,Research & Development,6,3,Medical,2,Female,1,2,Research Scientist,4,Divorced,5329,7,Yes,4,17,3,13,11,1,9,12,0,Mid,Medium,Long,Low
34,110,No,Research & Development,1,2,Medical,1,Male,3,2,Manufacturing Director,2,Married,4325,1,No,3,5,3,5,2,1,3,15,0,Mid,Low,Mid,Medium
56,112,No,Research & Development,7,3,Life Sciences,4,Male,1,3,Manufacturing Director,4,Single,7260,4,No,1,37,2,6,4,0,2,11,0,Senior,Medium,Mid,Low
23,113,No,Sales,2,1,Technical Degree,3,Male,3,1,Sales Representative,1,Divorced,2322,3,No,3,3,3,0,0,0,0,13,0,Young,Low,Early,Medium
51,116,No,Research & Development,9,4,Life Sciences,4,Male,3,1,Laboratory Technician,4,Married,2075,3,No,2,10,3,4,2,0,3,23,0,Senior,Low,Mid,High
30,117,No,Research & Development,2,3,Life Sciences,3,Male,2,2,Healthcare Representative,4,Married,4152,1,No,1,11,3,11,10,10,8,19,0,Mid,Low,Long,High
46,118,Yes,Sales,9,2,Medical,3,Male,2,3,Sales Executive,4,Single,9619,1,No,4,9,3,9,8,4,7,16,1,Senior,Medium,Long,Medium
40,119,No,Research & Development,1,4,Life Sciences,3,Male,2,4,Healthcare Representative,2,Married,13503,1,No,4,22,2,22,3,11,11,22,0,Mid,High,Long,High
51,120,No,Sales,21,4,Marketing,3,Male,3,2,Sales Executive,4,Single,5441,0,Yes,4,11,1,10,7,1,0,22,0,Senior,Medium,Long,High
30,121,No,Sales,4,2,Medical,3,Female,2,2,Sales Executive,2,Divorced,5209,1,Yes,2,11,2,11,8,2,7,12,0,Mid,Medium,Long,Low
46,124,No,Research & Development,1,3,Medical,3,Male,2,3,Healthcare Representative,1,Married,10673,2,Yes,3,21,2,10,9,9,5,13,0,Senior,High,Long,Medium
32,125,No,Sales,6,4,Medical,2,Male,3,2,Sales Executive,3,Single,5010,1,No,1,12,3,11,8,5,7,16,0,Mid,Medium,Long,Medium
54,126,No,Research & Development,2,4,Technical Degree,1,Female,3,3,Research Director,3,Married,13549,9,No,1,16,1,4,3,0,3,12,0,Senior,High,Mid,Low
24,128,No,Sales,3,2,Other,1,Female,3,2,Sales Executive,3,Married,4999,0,No,1,4,2,3,2,0,2,21,0,Young,Low,Mid,High
28,129,No,Sales,4,3,Medical,2,Male,3,2,Sales Executive,3,Married,4221,1,No,2,5,4,5,4,0,4,15,0,Young,Low,Mid,Medium
58,131,No,Sales,10,4,Medical,4,Male,3,4,Sales Executive,3,Single,13872,0,No,3,38,2,37,10,1,8,13,0,Senior,High,Long,Medium
44,132,No,Research & Development,23,3,Medical,2,Male,3,2,Laboratory Technician,2,Married,2042,4,No,3,17,4,3,2,1,2,12,0,Mid,Low,Mid,Low
37,133,Yes,Human Resources,6,4,Human Resources,3,Male,3,1,Human Resources,1,Divorced,2073,4,Yes,4,7,3,3,2,0,2,22,1,Mid,Low,Mid,High
32,134,No,Research & Development,1,1,Life Sciences,4,Male,3,1,Research Scientist,1,Single,2956,1,No,4,1,3,1,0,0,0,13,0,Mid,Low,Early,Medium
20,137,Yes,Research & Development,6,3,Life Sciences,4,Female,2,1,Laboratory Technician,4,Single,2926,1,Yes,2,1,3,1,0,1,0,18,1,Young,Low,Early,High
34,138,No,Research & Development,6,4,Other,1,Female,3,2,Research Scientist,3,Single,4809,1,No,3,16,3,16,13,2,10,14,0,Mid,Low,Long,Medium
37,139,No,Research & Development,2,2,Life Sciences,3,Male,2,2,Healthcare Representative,4,Divorced,5163,5,No,4,17,4,1,0,0,0,14,0,Mid,Medium,Early,Medium
59,140,No,Human Resources,2,4,Human Resources,3,Female,2,5,Manager,4,Married,18844,9,No,4,30,3,3,2,2,2,21,0,Senior,High,Mid,High
50,141,No,Research & Development,1,3,Life Sciences,1,Female,3,5,Research Director,2,Married,18172,3,Yes,1,28,2,8,3,0,7,19,0,Senior,High,Long,High
25,142,Yes,Sales,5,3,Marketing,3,Male,2,2,Sales Executive,3,Single,5744,1,Yes,4,6,3,6,4,0,3,11,1,Young,Medium,Mid,Low
25,143,No,Research & Development,7,1,Medical,4,Male,2,1,Research Scientist,4,Married,2889,1,No,3,2,3,2,2,2,1,11,0,Young,Low,Early,Low
22,144,No,Research & Development,15,3,Medical,2,Female,3,1,Laboratory Technician,4,Single,2871,1,No,3,1,3,0,0,0,0,15,0,Young,Low,Early,Medium
51,145,No,Research & Development,1,4,Medical,1,Female,2,3,Healthcare Representative,1,Single,7484,3,No,3,23,2,13,12,12,8,20,0,Senior,Medium,Long,High
34,147,Yes,Research & Development,7,3,Life Sciences,1,Male,1,2,Laboratory Technician,3,Single,6074,1,Yes,4,9,3,9,7,0,6,24,1,Mid,Medium,Long,High
54,148,No,Human Resources,26,3,Human Resources,4,Female,4,4,Manager,4,Single,17328,2,Yes,3,23,3,5,3,4,4,12,0,Senior,High,Mid,Low
24,150,No,Research & Development,18,1,Life Sciences,2,Male,3,1,Laboratory Technician,3,Married,2774,0,No,3,6,3,5,3,1,2,12,0,Young,Low,Mid,Low
34,151,No,Research & Development,6,4,Life Sciences,3,Female,2,2,Research Scientist,2,Divorced,4505,6,No,3,12,3,1,0,0,0,15,0,Mid,Low,Early,Medium
37,152,No,Sales,3,3,Life Sciences,3,Male,3,3,Sales Executive,4,Single,7428,2,No,1,12,3,5,3,1,3,12,0,Mid,Medium,Mid,Low
34,153,No,Research & Development,5,3,Medical,3,Female,2,3,Manager,1,Single,11631,2,No,4,14,3,11,10,5,8,12,0,Mid,High,Long,Low
36,154,No,Sales,11,2,Technical Degree,2,Female,3,3,Sales Executive,4,Married,9738,0,No,3,10,3,9,7,2,8,14,0,Mid,Medium,Long,Medium
36,155,No,Research & Development,3,2,Life Sciences,1,Female,3,1,Laboratory Technician,4,Divorced,2835,5,No,1,7,3,1,0,0,0,22,0,Mid,Low,Early,High
43,158,No,Sales,26,2,Life Sciences,3,Male,3,4,Manager,4,Married,16959,1,Yes,4,25,4,25,12,4,12,12,0,Mid,High,Long,Low
30,159,No,Research & Development,23,3,Life Sciences,1,Male,1,1,Research Scientist,3,Divorced,2613,1,No,3,10,2,10,7,0,9,25,0,Mid,Low,Long,High
33,160,No,Sales,22,2,Marketing,3,Male,3,2,Sales Executive,2,Married,6146,0,No,1,8,4,7,7,0,7,13,0,Mid,Medium,Long,Medium
56,161,Yes,Research & Development,14,4,Life Sciences,2,Female,3,1,Research Scientist,2,Married,4963,9,Yes,1,7,3,5,4,4,3,18,1,Senior,Low,Mid,High
51,162,No,Research & Development,6,3,Life Sciences,1,Male,3,5,Research Director,3,Single,19537,7,No,3,23,3,20,18,15,15,13,0,Senior,High,Long,Medium
31,163,Yes,Sales,6,4,Life Sciences,2,Male,1,2,Sales Executive,3,Married,6172,4,Yes,2,12,2,7,7,7,7,18,1,Mid,Medium,Long,High
26,164,No,Research & Development,6,3,Other,3,Female,2,1,Research Scientist,2,Married,2368,1,No,3,5,2,5,4,4,3,19,0,Young,Low,Mid,High
58,165,Yes,Research & Development,23,4,Medical,4,Female,3,3,Healthcare Representative,4,Married,10312,1,No,4,40,2,40,10,15,6,12,1,Senior,High,Long,Low
19,167,Yes,Sales,22,1,Marketing,4,Male,3,1,Sales Representative,3,Single,1675,1,Yes,4,0,2,0,0,0,0,19,1,Young,Low,Early,High
22,169,No,Research & Development,2,1,Technical Degree,3,Male,3,1,Laboratory Technician,4,Married,2523,0,No,3,3,3,2,1,2,1,14,0,Young,Low,Early,Medium
49,170,No,Research & Development,20,4,Medical,3,Female,3,2,Manufacturing Director,1,Married,6567,1,No,3,16,2,15,11,5,11,14,0,Senior,Medium,Long,Medium
43,171,No,Research & Development,28,3,Medical,2,Female,4,1,Research Scientist,3,Single,4739,4,No,4,18,3,3,2,1,2,12,0,Mid,Low,Mid,Low
50,174,No,Sales,12,3,Marketing,3,Female,3,3,Sales Executive,4,Single,9208,4,No,4,16,3,2,2,2,1,11,0,Senior,Medium,Early,Low
31,175,Yes,Sales,20,3,Life Sciences,2,Female,1,2,Sales Executive,3,Married,4559,3,Yes,3,4,3,2,2,2,2,11,1,Mid,Low,Early,Low
41,176,No,Sales,9,1,Life Sciences,3,Male,3,3,Sales Executive,3,Divorced,8189,3,Yes,3,12,3,9,7,0,7,13,0,Mid,Medium,Long,Medium
26,177,No,Human Resources,25,1,Life Sciences,3,Female,3,1,Human Resources,3,Married,2942,1,No,4,8,3,8,7,5,7,23,0,Young,Low,Long,High
36,178,No,Research & Development,6,2,Medical,2,Male,3,2,Manufacturing Director,2,Divorced,4941,6,No,4,7,3,3,2,0,1,20,0,Mid,Low,Mid,High
51,179,Yes,Research & Development,8,4,Life Sciences,1,Male,1,3,Manufacturing Director,4,Single,10650,2,No,4,18,3,4,2,0,3,15,1,Senior,High,Mid,Medium
39,182,No,Sales,4,4,Life Sciences,4,Female,2,2,Sales Executive,3,Married,5902,4,No,3,17,4,15,11,5,9,14,0,Mid,Medium,Long,Medium
25,183,No,Sales,28,3,Life Sciences,1,Male,2,2,Sales Executive,3,Married,8639,2,No,4,6,3,2,2,2,2,18,0,Young,Medium,Early,High
30,184,No,Human Resources,9,3,Human Resources,3,Male,3,2,Human Resources,4,Married,6347,0,Yes,4,12,1,11,9,4,7,19,0,Mid,Medium,Long,High
32,190,Yes,Research & Development,9,3,Medical,1,Female,3,1,Laboratory Technician,1,Single,4200,7,No,1,10,4,5,4,0,4,22,1,Mid,Low,Mid,High
45,192,No,Research & Development,29,3,Medical,3,Male,3,1,Research Scientist,4,Single,3452,5,No,2,9,2,6,5,0,3,13,0,Senior,Low,Mid,Medium
38,193,No,Research & Development,3,5,Technical Degree,4,Female,3,2,Research Scientist,3,Single,4317,3,Yes,2,19,3,3,2,2,2,20,0,Mid,Low,Mid,High
30,194,No,Research & Development,18,3,Life Sciences,1,Female,3,1,Research Scientist,3,Single,2632,1,No,3,5,2,5,4,0,4,14,0,Mid,Low,Mid,Medium
32,195,No,Sales,9,2,Medical,4,Male,1,2,Sales Executive,4,Divorced,4668,0,No,4,9,4,8,7,0,7,17,0,Mid,Low,Long,Medium
30,197,No,Research & Development,5,3,Technical Degree,4,Female,3,1,Research Scientist,1,Divorced,3204,5,No,4,8,3,3,2,2,2,14,0,Mid,Low,Mid,Medium
30,198,No,Research & Development,2,1,Medical,2,Male,2,1,Laboratory Technician,4,Single,2720,0,No,4,6,3,5,3,1,2,13,0,Mid,Low,Mid,Medium
41,199,No,Research & Development,10,3,Life Sciences,4,Male,2,4,Manager,1,Divorced,17181,4,No,2,21,2,7,6,7,7,13,0,Mid,High,Long,Medium
41,200,No,Research & Development,9,4,Life Sciences,3,Male,3,1,Laboratory Technician,1,Married,2238,2,No,4,7,3,5,0,1,4,21,0,Mid,Low,Mid,High
19,201,No,Research & Development,3,1,Medical,2,Female,3,1,Laboratory Technician,2,Single,1483,1,No,4,1,3,1,0,0,0,14,0,Young,Low,Early,Medium
40,202,No,Research & Development,26,3,Medical,2,Female,3,2,Research Scientist,2,Divorced,5605,1,No,1,20,3,20,7,2,13,11,0,Mid,Medium,Long,Low
35,204,No,Sales,1,5,Marketing,3,Male,3,3,Sales Executive,2,Married,7295,1,No,1,10,3,10,8,0,6,13,0,Mid,Medium,Long,Medium
53,205,No,Sales,6,2,Marketing,2,Male,3,2,Sales Representative,3,Married,2306,2,Yes,4,13,1,7,7,4,5,20,0,Senior,Low,Long,High
45,206,No,Research & Development,9,3,Life Sciences,2,Male,3,2,Laboratory Technician,2,Divorced,2348,8,No,3,20,1,17,9,0,15,18,0,Senior,Low,Long,High
32,207,No,Sales,8,3,Marketing,2,Female,3,3,Sales Executive,4,Single,8998,1,No,4,9,3,9,8,3,7,14,0,Mid,Medium,Long,Medium
29,208,No,Research & Development,1,1,Technical Degree,4,Male,3,2,Manufacturing Director,3,Married,4319,1,No,1,10,3,10,7,0,9,13,0,Young,Low,Long,Medium
51,211,No,Research & Development,7,,Medical,2,Male,2,2,Manufacturing Director,3,Married,6132,2,No,3,10,3,1,0,0,0,17,0,Senior,Medium,Early,Medium
58,214,No,Research & Development,9,3,Medical,2,Female,2,1,Research Scientist,2,Married,3346,4,Yes,2,9,2,1,0,0,0,20,0,Senior,Low,Early,High
40,215,No,Sales,4,4,Marketing,3,Male,2,3,Sales Executive,4,Married,10855,7,No,1,15,2,12,11,2,11,11,0,Mid,High,Long,Low
34,216,No,Sales,2,4,Marketing,3,Female,3,1,Sales Representative,3,Married,2231,6,No,4,6,3,4,3,1,2,18,0,Mid,Low,Mid,High
22,217,No,Research & Development,19,1,Medical,3,Male,3,1,Research Scientist,4,Married,2323,1,No,1,2,3,2,2,2,2,24,0,Young,Low,Early,High
27,218,No,Research & Development,9,3,Medical,4,Male,3,1,Research Scientist,2,Divorced,2024,6,No,4,6,1,2,2,2,2,18,0,Young,Low,Early,High
28,221,No,Research & Development,21,3,Medical,3,Male,3,1,Research Scientist,4,Married,2713,1,No,3,5,1,5,2,0,2,11,0,Young,Low,Mid,Low
57,223,No,Research & Development,24,2,Life Sciences,3,Male,4,3,Healthcare Representative,4,Divorced,9439,3,Yes,2,12,1,5,3,1,4,16,0,Senior,Medium,Mid,Medium
27,224,No,Research & Development,3,3,Medical,3,Male,2,1,Research Scientist,3,Divorced,2566,1,Yes,4,1,2,1,1,0,1,15,0,Young,Low,Early,Medium
50,226,No,Research & Development,11,3,Life Sciences,3,Female,3,5,Manager,2,Single,19926,3,No,2,21,3,5,4,4,4,15,0,Senior,High,Mid,Medium
41,227,No,Research & Development,14,3,Life Sciences,1,Male,3,1,Research Scientist,3,Divorced,2451,4,No,1,13,3,9,8,1,8,12,0,Mid,Low,Long,Low
30,228,No,Sales,5,3,Life Sciences,2,Female,3,3,Sales Executive,4,Married,9419,2,No,3,12,3,10,9,7,4,12,0,Mid,Medium,Long,Low
38,230,No,Sales,1,4,Life Sciences,1,Female,2,2,Sales Executive,4,Single,8686,4,No,3,12,4,8,3,0,7,22,0,Mid,Medium,Long,High
32,231,No,Research & Development,6,5,Life Sciences,3,Male,3,1,Research Scientist,3,Single,3038,3,No,1,8,3,5,4,1,4,20,0,Mid,Low,Mid,High
27,233,No,Research & Development,17,3,Technical Degree,3,Male,3,1,Research Scientist,2,Married,3058,0,Yes,4,6,2,5,2,1,1,16,0,Young,Low,Mid,Medium
19,235,Yes,Sales,1,1,Technical Degree,3,Female,1,1,Sales Representative,1,Single,2325,0,No,1,1,4,0,0,0,0,21,1,Young,Low,Early,High
36,238,No,Research & Development,3,2,Medical,4,Male,3,1,Laboratory Technician,2,Single,2088,4,No,3,13,2,8,7,7,2,12,0,Mid,Low,Long,Low
30,239,No,Research & Development,9,3,Medical,3,Male,3,2,Laboratory Technician,1,Divorced,3072,1,No,3,12,3,12,9,6,10,11,0,Mid,Low,Long,Low
45,240,No,Sales,4,2,Life Sciences,3,Female,3,2,Sales Executive,1,Divorced,5006,4,Yes,1,9,4,5,4,0,3,11,0,Senior,Medium,Mid,Low
56,241,No,Research & Development,8,3,Life Sciences,3,Female,3,1,Research Scientist,1,Divorced,4257,4,Yes,3,19,3,2,2,2,2,18,0,Senior,Low,Early,High
33,242,No,Research & Development,2,3,Life Sciences,3,Male,3,1,Research Scientist,4,Single,2500,0,No,1,4,4,3,1,0,2,14,0,Mid,Low,Mid,Medium
19,243,Yes,Research & Development,2,3,Life Sciences,2,Male,2,1,Laboratory Technician,4,Single,1102,1,No,3,1,2,1,0,1,0,22,1,Young,Low,Early,High
46,244,No,Sales,1,2,Marketing,2,Female,3,3,Sales Executive,1,Divorced,10453,1,No,3,24,3,24,13,15,7,25,0,Senior,High,Long,High
38,245,No,Research & Development,9,2,Life Sciences,3,Female,3,1,Laboratory Technician,4,Single,2288,1,No,3,2,3,2,2,2,1,12,0,Mid,Low,Early,Low
31,246,No,Research & Development,12,1,Medical,3,Female,3,1,Research Scientist,4,Married,3929,8,Yes,3,7,3,4,2,0,2,23,0,Mid,Low,Mid,High
34,247,No,Research & Development,27,2,Medical,4,Female,3,1,Research Scientist,2,Single,2311,2,No,4,9,3,3,2,1,2,15,0,Mid,Low,Mid,Medium
41,248,Yes,Sales,20,2,Marketing,2,Female,3,1,Sales Representative,2,Single,3140,1,Yes,4,4,2,4,3,0,2,22,1,Mid,Low,Mid,High
50,249,No,Research & Development,1,3,Medical,3,Male,2,1,Laboratory Technician,3,Married,3690,2,No,4,5,2,3,2,0,2,15,0,Senior,Low,Mid,Medium
53,250,No,Research & Development,13,2,Medical,4,Female,4,2,Manufacturing Director,1,Divorced,4450,1,No,3,5,3,4,2,1,3,11,0,Senior,Low,Mid,Low
33,252,No,Research & Development,14,3,Medical,4,Female,3,1,Research Scientist,2,Married,2756,1,No,4,8,3,8,7,1,6,13,0,Mid,Low,Long,Medium
40,253,No,Research & Development,4,1,Medical,4,Female,3,5,Manager,3,Married,19033,1,No,2,21,3,20,8,9,9,14,0,Mid,High,Long,Medium
55,254,No,Research & Development,14,4,Medical,3,Male,4,5,Research Director,2,Single,18722,8,No,4,36,3,24,15,2,15,11,0,Senior,High,Long,Low
34,256,No,Research & Development,2,1,Life Sciences,4,Male,2,2,Manufacturing Director,3,Married,9547,1,No,3,10,2,10,9,1,9,17,0,Mid,Medium,Long,Medium
51,258,No,Research & Development,3,3,Medical,4,Female,3,4,Healthcare Representative,2,Single,13734,3,No,3,21,3,7,7,1,0,18,0,Senior,High,Long,High
52,259,No,Research & Development,1,4,Life Sciences,3,Male,2,5,Manager,3,Married,19999,0,No,1,34,3,33,18,11,9,14,0,Senior,High,Long,Medium
27,260,No,Research & Development,9,3,Medical,4,Female,3,1,Research Scientist,2,Single,2279,1,No,4,7,2,7,7,0,3,16,0,Young,Low,Long,Medium
35,261,Yes,Research & Development,23,2,Life Sciences,2,Male,2,2,Manufacturing Director,3,Married,5916,3,Yes,1,8,3,1,0,0,1,13,1,Mid,Medium,Early,Medium
43,262,No,Research & Development,7,3,Medical,4,Male,4,1,Research Scientist,4,Divorced,2089,4,No,4,7,4,5,4,2,2,14,0,Mid,Low,Mid,Medium
45,264,No,Research & Development,2,2,Medical,1,Male,2,4,Manager,4,Married,16792,9,No,4,22,3,20,8,11,8,23,0,Senior,High,Long,High
37,267,No,Research & Development,21,3,Life Sciences,2,Male,4,1,Research Scientist,1,Married,3564,1,Yes,1,8,2,8,7,1,7,12,0,Mid,Low,Long,Low
35,269,No,Research & Development,2,3,Medical,2,Female,3,2,Laboratory Technician,2,Single,4425,5,No,4,10,3,6,2,1,2,11,0,Mid,Low,Mid,Low
42,270,No,Research & Development,21,2,Medical,3,Female,3,2,Manufacturing Director,3,Divorced,5265,2,No,2,11,3,5,3,0,2,16,0,Mid,Medium,Mid,Medium
38,271,No,Research & Development,2,4,Life Sciences,4,Male,3,2,Manufacturing Director,3,Married,6553,9,No,2,14,3,1,0,0,0,14,0,Mid,Medium,Early,Medium
38,273,No,Research & Development,29,3,Technical Degree,4,Male,3,2,Manufacturing Director,4,Married,6261,3,No,1,9,1,7,7,1,7,18,0,Mid,Medium,Long,High
27,274,No,Research & Development,1,1,Technical Degree,3,Male,2,2,Manufacturing Director,1,Married,4298,5,No,3,6,3,2,2,2,0,19,0,Young,Low,Early,High
49,275,No,Research & Development,18,4,Life Sciences,4,Male,3,2,Manufacturing Director,4,Divorced,6804,1,Yes,1,7,3,7,7,1,7,15,0,Senior,Medium,Long,Medium
34,277,No,Research & Development,10,4,Medical,4,Male,3,1,Research Scientist,3,Divorced,3815,1,Yes,4,5,4,5,3,2,0,17,0,Mid,Low,Mid,Medium
40,281,No,Research & Development,19,2,Medical,3,Male,3,2,Laboratory Technician,4,Married,2741,8,Yes,3,15,4,7,2,3,7,15,0,Mid,Low,Long,Medium
38,282,Yes,Research & Development,29,1,Medical,2,Male,3,2,Healthcare Representative,1,Married,6673,7,Yes,2,17,3,1,0,0,0,19,1,Mid,Medium,Early,High
29,283,Yes,Sales,27,3,Marketing,2,Female,3,3,Sales Executive,4,Married,7639,1,No,4,10,2,10,4,1,9,22,1,Young,Medium,Long,High
22,284,No,Research & Development,5,3,Life Sciences,4,Male,4,1,Research Scientist,2,Divorced,2328,1,Yes,1,4,2,4,2,2,2,16,0,Young,Low,Mid,Medium
36,286,No,Research & Development,18,1,Medical,2,Female,3,1,Laboratory Technician,4,Single,2153,1,No,1,8,3,8,1,1,7,13,0,Mid,Low,Long,Medium
40,287,No,Research & Development,9,5,Life Sciences,4,Male,2,2,Healthcare Representative,4,Married,4876,9,No,4,5,1,3,2,0,2,14,0,Mid,Low,Mid,Medium
46,288,No,Research & Development,1,4,Medical,4,Male,3,3,Healthcare Representative,1,Divorced,9396,7,No,3,17,3,4,2,0,3,16,0,Senior,Medium,Mid,Medium
32,291,Yes,Sales,4,4,Medical,4,Male,1,3,Sales Executive,4,Married,10400,1,No,3,14,2,14,8,9,8,11,1,Mid,High,Long,Low
30,292,No,Research & Development,1,1,Life Sciences,3,Male,2,3,Manufacturing Director,3,Single,8474,1,No,3,12,3,11,8,5,8,22,0,Mid,Medium,Long,High
27,293,No,Sales,20,3,Life Sciences,4,Female,3,2,Sales Executive,3,Single,9981,1,No,4,7,3,7,7,0,7,14,0,Young,Medium,Long,Medium
51,296,No,Research & Development,8,4,Life Sciences,2,Male,2,3,Research Director,2,Married,12490,5,No,4,16,1,10,9,4,7,16,0,Senior,High,Long,Medium
30,297,Yes,Research & Development,3,3,Technical Degree,4,Female,3,1,Research Scientist,1,Single,2657,5,Yes,3,8,3,5,2,0,4,11,1,Mid,Low,Mid,Low
41,298,No,Sales,6,3,Life Sciences,4,Female,3,3,Manager,4,Single,13591,3,Yes,3,16,3,1,0,0,0,18,0,Mid,High,Early,High
30,299,Yes,Sales,26,4,Marketing,3,Female,2,2,Sales Executive,1,Single,6696,5,No,3,9,2,6,3,0,1,15,1,Mid,Medium,Mid,Medium
29,300,Yes,Research & Development,1,3,Technical Degree,3,Male,3,1,Research Scientist,3,Single,2058,0,No,4,7,2,6,2,1,5,14,1,Young,Low,Mid,Medium
45,302,No,Sales,6,3,Medical,4,Female,2,3,Sales Executive,4,Single,8865,6,No,4,23,3,19,7,12,8,12,0,Senior,Medium,Long,Low
54,303,No,Sales,3,3,Marketing,4,Female,3,2,Sales Executive,1,Married,5940,2,No,4,16,3,6,2,0,5,14,0,Senior,Medium,Mid,Medium
36,304,No,Research & Development,5,2,Life Sciences,4,Male,3,2,Laboratory Technician,2,Single,5914,8,No,4,16,4,13,11,3,7,16,0,Mid,Medium,Long,Medium
33,305,No,Research & Development,4,4,Medical,3,Female,2,1,Research Scientist,2,Married,2622,6,No,4,7,3,3,2,1,1,21,0,Mid,Low,Mid,High
37,306,No,Research & Development,11,3,Other,2,Male,3,3,Research Director,4,Divorced,12185,1,Yes,3,10,3,10,8,0,7,14,0,Mid,High,Long,Medium
38,307,No,Sales,3,3,Life Sciences,1,Male,3,3,Sales Executive,3,Divorced,10609,0,No,3,17,2,16,10,5,13,12,0,Mid,High,Long,Low
31,308,No,Research & Development,1,4,Medical,3,Male,1,2,Manufacturing Director,3,Married,4345,0,No,4,6,3,5,4,1,4,12,0,Mid,Low,Mid,Low
59,309,No,Research & Development,3,3,Life Sciences,3,Male,2,1,Research Scientist,4,Married,2177,3,No,1,7,3,1,0,0,0,17,0,Senior,Low,Early,Medium
37,311,No,Sales,4,4,Marketing,1,Male,3,1,Sales Representative,4,Divorced,2793,4,No,3,13,3,9,8,5,8,17,0,Mid,Low,Long,Medium
29,312,No,Sales,1,1,Medical,2,Female,3,3,Sales Executive,4,Married,7918,1,No,4,11,3,11,10,4,1,14,0,Young,Medium,Long,Medium
35,314,No,Sales,1,3,Marketing,3,Female,3,3,Sales Executive,3,Single,8789,1,No,1,10,4,10,7,0,8,14,0,Mid,Medium,Long,Medium
29,315,Yes,Research & Development,18,1,Medical,3,Male,2,1,Research Scientist,4,Single,2389,1,Yes,3,4,2,4,3,0,1,13,1,Young,Low,Mid,Medium
52,316,No,Research & Development,2,3,Life Sciences,3,Female,2,1,Laboratory Technician,4,Single,3212,7,No,2,6,2,2,2,2,2,15,0,Senior,Low,Early,Medium
42,319,No,Research & Development,4,2,Technical Degree,3,Male,3,5,Manager,4,Married,19232,1,No,4,22,3,22,17,11,15,11,0,Mid,High,Long,Low
59,321,No,Human Resources,6,2,Medical,2,Male,3,1,Human Resources,3,Married,2267,8,No,4,7,2,2,2,2,2,17,0,Senior,Low,Early,Medium
50,323,No,Sales,1,4,Medical,4,Female,3,5,Manager,4,Divorced,19517,3,No,3,32,2,7,0,0,6,11,0,Senior,High,Long,Low
33,325,Yes,Research & Development,14,3,Medical,3,Male,3,1,Laboratory Technician,4,Married,2436,5,Yes,3,8,1,5,4,0,4,13,1,Mid,Low,Mid,Medium
43,327,No,Sales,16,3,Marketing,4,Female,3,4,Manager,4,Married,16064,5,Yes,3,22,3,17,13,1,9,22,0,Mid,High,Long,High
33,328,Yes,Research & Development,2,2,Life Sciences,1,Female,3,1,Laboratory Technician,1,Married,2707,7,No,1,13,4,9,7,1,7,20,1,Mid,Low,Long,High
52,329,No,Sales,2,4,Life Sciences,1,Male,2,5,Manager,3,Single,19068,1,Yes,4,33,4,33,7,15,12,18,0,Senior,High,Long,High
32,330,No,Sales,4,2,Life Sciences,3,Female,3,1,Sales Representative,2,Married,3931,2,No,1,6,3,4,3,1,2,11,0,Mid,Low,Mid,Low
32,331,Yes,Research & Development,1,3,Life Sciences,4,Male,2,1,Laboratory Technician,3,Single,3730,0,Yes,4,4,1,3,2,1,2,14,1,Mid,Low,Mid,Medium
39,332,No,Research & Development,1,4,Medical,3,Female,3,1,Laboratory Technician,3,Divorced,2232,7,No,3,7,3,3,2,1,2,14,0,Mid,Low,Mid,Medium
32,333,No,Sales,26,4,Marketing,3,Male,3,2,Sales Executive,4,Married,4465,0,No,1,4,3,3,2,2,2,18,0,Mid,Low,Mid,High
41,334,No,Research & Development,19,2,Life Sciences,3,Male,3,2,Research Scientist,1,Divorced,3072,2,No,1,17,2,1,0,0,0,16,0,Mid,Low,Early,Medium
40,335,No,Research & Development,24,2,Technical Degree,1,Male,3,2,Research Scientist,4,Divorced,3319,1,No,1,9,3,9,8,4,7,17,0,Mid,Low,Long,Medium
45,336,No,Research & Development,1,3,Other,3,Male,4,5,Manager,4,Married,19202,0,No,3,25,3,24,0,1,7,11,0,Senior,High,Long,Low
31,337,No,Research & Development,3,4,Medical,2,Male,3,3,Research Director,3,Divorced,13675,9,No,1,9,3,2,2,2,2,12,0,Mid,High,Early,Low
33,338,No,Research & Development,5,4,Life Sciences,3,Female,2,1,Research Scientist,4,Married,2911,1,No,3,2,2,2,2,0,2,13,0,Mid,Low,Early,Medium
34,339,No,Research & Development,2,4,Life Sciences,4,Male,2,2,Manufacturing Director,1,Married,5957,6,No,2,13,3,11,9,5,9,13,0,Mid,Medium,Long,Medium
37,340,No,Research & Development,1,2,Medical,3,Female,2,1,Research Scientist,1,Married,3920,2,No,1,17,2,3,1,0,2,14,0,Mid,Low,Mid,Medium
45,341,No,Research & Development,7,4,Life Sciences,1,Male,4,2,Manufacturing Director,3,Married,6434,4,No,4,9,3,3,2,0,2,17,0,Senior,Medium,Mid,Medium
37,342,Yes,Research & Development,10,3,Medical,1,Male,3,3,Manufacturing Director,3,Divorced,10048,6,No,2,17,3,1,0,0,0,11,1,Mid,High,Early,Low
39,343,No,Research & Development,2,4,Technical Degree,3,Female,3,3,Healthcare Representative,3,Single,10938,0,No,4,20,3,19,6,11,8,25,0,Mid,High,Long,High
29,346,No,Research & Development,15,3,Life Sciences,3,Male,3,1,Research Scientist,4,Single,2340,1,No,1,6,3,6,5,1,5,19,0,Young,Low,Mid,High
42,347,No,Research & Development,17,2,Life Sciences,4,Female,4,2,Research Scientist,1,Single,6545,3,Yes,3,10,3,3,2,0,2,13,0,Mid,Medium,Mid,Medium
29,349,No,Sales,20,2,Marketing,4,Male,3,2,Sales Executive,4,Divorced,6931,2,No,4,10,3,3,2,0,2,14,0,Young,Medium,Mid,Medium
25,350,No,Research & Development,1,3,Life Sciences,1,Female,3,2,Manufacturing Director,3,Married,4898,0,No,4,5,3,4,2,1,2,12,0,Young,Low,Mid,Low
42,351,No,Research & Development,2,3,Medical,4,Female,2,1,Laboratory Technician,1,Divorced,2593,0,Yes,3,10,3,9,6,7,8,11,0,Mid,Low,Long,Low
40,352,No,Research & Development,2,2,Medical,1,Male,3,5,Research Director,3,Divorced,19436,0,No,4,22,3,21,7,3,9,19,0,Mid,High,Long,High
51,353,No,Research & Development,1,3,Life Sciences,3,Male,3,1,Research Scientist,4,Married,2723,1,No,2,1,2,1,0,0,0,11,0,Senior,Low,Early,Low
31,355,Yes,Research & Development,29,2,Medical,3,Male,2,1,Laboratory Technician,2,Single,3479,0,No,2,6,4,5,4,1,4,11,1,Mid,Low,Mid,Low
32,359,No,Research & Development,7,3,Life Sciences,2,Male,4,1,Laboratory Technician,2,Married,2794,1,No,3,5,1,5,1,0,3,20,0,Mid,Low,Mid,High
38,361,No,Sales,2,2,Life Sciences,4,Male,2,2,Sales Executive,4,Married,5249,3,No,4,13,3,8,7,7,5,18,0,Mid,Medium,Long,High
32,362,No,Research & Development,2,1,Technical Degree,4,Male,2,2,Laboratory Technician,1,Single,2176,4,No,4,9,3,6,2,0,4,13,0,Mid,Low,Mid,Medium
46,363,No,Sales,2,3,Technical Degree,3,Female,1,4,Manager,2,Married,16872,3,Yes,2,28,2,7,7,7,7,12,0,Senior,High,Long,Low
28,364,Yes,Research & Development,2,4,Life Sciences,1,Male,3,1,Laboratory Technician,3,Single,3485,2,No,3,5,1,0,0,0,0,11,1,Young,Low,Early,Low
29,366,No,Sales,2,3,Medical,1,Male,2,2,Sales Executive,2,Married,6644,2,No,2,10,3,0,0,0,0,19,0,Young,Medium,Early,High
31,367,No,Research & Development,23,3,Medical,2,Male,2,2,Healthcare Representative,4,Married,5582,0,No,2,10,3,9,0,7,8,21,0,Mid,Medium,Long,High
25,369,No,Research & Development,5,2,Life Sciences,2,Male,4,2,Healthcare Representative,1,Divorced,4000,1,No,4,6,3,6,3,1,5,12,0,Young,Low,Mid,Low
45,372,No,Research & Development,20,2,Medical,3,Male,3,4,Healthcare Representative,4,Married,13496,0,Yes,2,21,3,20,7,4,10,14,0,Senior,High,Long,Medium
36,373,No,Research & Development,6,3,Life Sciences,4,Male,3,1,Laboratory Technician,4,Married,3210,0,No,3,16,3,15,13,10,11,11,0,Mid,Low,Long,Low
55,374,No,Research & Development,1,3,Medical,4,Male,3,5,Manager,1,Single,19045,0,Yes,3,37,3,36,10,4,13,14,0,Senior,High,Long,Medium
47,376,Yes,Research & Development,29,4,Life Sciences,1,Male,3,3,Manager,2,Married,11849,1,Yes,4,10,2,10,7,9,9,12,1,Senior,High,Long,Low
28,377,No,Research & Development,9,3,Medical,4,Male,3,1,Research Scientist,4,Married,2070,1,No,4,5,2,5,2,0,4,23,0,Young,Low,Mid,High
37,378,No,Sales,6,4,Medical,3,Male,3,2,Sales Executive,4,Married,6502,4,No,2,7,4,5,4,0,1,14,0,Mid,Medium,Mid,Medium
21,379,No,Research & Development,3,2,Medical,4,Male,2,1,Research Scientist,3,Single,3230,1,No,1,3,4,3,2,1,0,17,0,Young,Low,Mid,Medium
37,380,No,Research & Development,1,4,Medical,1,Female,3,3,Research Director,4,Divorced,13603,2,Yes,1,15,3,5,2,0,2,18,0,Mid,High,Mid,High
35,381,No,Research & Development,22,3,Life Sciences,2,Female,4,3,Manager,2,Divorced,11996,7,No,2,10,2,7,7,6,2,18,0,Mid,High,Long,High
38,382,No,Sales,7,2,Medical,1,Female,4,2,Sales Executive,1,Divorced,5605,1,Yes,3,8,3,8,0,7,7,24,0,Mid,Medium,Long,High
26,384,No,Research & Development,1,3,Life Sciences,3,Female,3,2,Manufacturing Director,2,Divorced,6397,1,No,1,6,1,6,5,1,4,20,0,Young,Medium,Mid,High
50,385,No,Research & Development,4,1,Life Sciences,1,Male,3,5,Research Director,2,Divorced,19144,3,No,1,28,2,10,4,1,6,14,0,Senior,High,Long,Medium
53,386,No,Research & Development,3,4,Medical,3,Male,3,4,Research Director,3,Married,17584,3,Yes,4,21,2,5,3,1,3,16,0,Senior,High,Mid,Medium
42,387,No,Sales,1,1,Life Sciences,2,Male,3,2,Sales Executive,3,Married,4907,1,No,3,20,3,20,16,11,6,25,0,Mid,Low,Long,High
29,388,No,Sales,2,2,Life Sciences,2,Male,3,2,Sales Executive,4,Single,4554,1,No,1,10,2,10,7,0,9,18,0,Young,Low,Long,High
55,389,No,Research & Development,20,2,Technical Degree,2,Male,3,2,Laboratory Technician,4,Married,5415,3,Yes,4,12,3,10,7,0,8,19,0,Senior,Medium,Long,High
26,390,No,Research & Development,11,2,Medical,1,Male,3,2,Healthcare Representative,1,Married,4741,1,Yes,3,5,3,5,3,3,3,13,0,Young,Low,Mid,Medium
37,391,No,Research & Development,1,3,Life Sciences,4,Female,3,1,Research Scientist,4,Single,2115,1,No,2,17,3,17,12,5,7,12,0,Mid,Low,Long,Low
44,392,Yes,Research & Development,24,3,Life Sciences,4,Male,3,1,Laboratory Technician,3,Divorced,3161,3,Yes,4,19,1,1,0,0,0,22,1,Mid,Low,Early,High
38,393,No,Research & Development,23,4,Life Sciences,4,Male,3,2,Healthcare Representative,4,Divorced,5745,9,No,2,10,3,2,2,1,2,14,0,Mid,Medium,Early,Medium
26,394,Yes,Research & Development,16,4,Medical,1,Male,3,1,Laboratory Technician,2,Divorced,2373,2,Yes,4,5,3,3,2,0,2,13,1,Young,Low,Mid,Medium
28,395,No,Research & Development,8,2,Life Sciences,4,Female,3,1,Research Scientist,4,Single,3310,1,No,4,5,3,5,3,0,2,21,0,Young,Low,Mid,High
49,396,No,Research & Development,10,4,Life Sciences,3,Female,3,5,Research Director,1,Single,18665,9,Yes,4,22,3,3,2,1,2,11,0,Senior,High,Mid,Low
36,397,No,Research & Development,3,3,Technical Degree,3,Male,3,2,Research Scientist,2,Single,4485,4,No,4,10,3,8,0,7,7,12,0,Mid,Low,Long,Low
31,399,No,Sales,5,3,Marketing,4,Female,3,1,Sales Representative,2,Divorced,2789,1,No,3,2,2,2,2,2,2,11,0,Mid,Low,Early,Low
26,401,Yes,Sales,4,4,Marketing,4,Male,2,2,Sales Executive,4,Single,5828,1,Yes,2,8,3,8,7,7,4,12,1,Young,Medium,Long,Low
37,403,No,Research & Development,9,3,Medical,2,Male,3,1,Research Scientist,4,Married,2326,1,Yes,3,4,2,4,2,1,2,12,0,Mid,Low,Mid,Low
42,404,No,Sales,26,3,Marketing,3,Female,3,4,Sales Executive,2,Married,13525,5,No,4,23,4,20,4,4,8,14,0,Mid,High,Long,Medium
18,405,Yes,Research & Development,3,3,Life Sciences,3,Male,3,1,Laboratory Technician,3,Single,1420,1,No,3,0,3,0,0,0,0,13,1,Young,Low,Early,Medium
35,406,No,Sales,16,3,Marketing,3,Male,3,3,Sales Executive,2,Married,8020,0,No,3,12,2,11,9,6,9,15,0,Mid,Medium,Long,Medium
36,407,No,Research & Development,18,4,Life Sciences,3,Male,4,1,Laboratory Technician,4,Married,3688,4,No,4,4,3,1,0,0,0,18,0,Mid,Low,Early,High
51,408,No,Research & Development,2,3,Medical,4,Male,1,2,Manufacturing Director,2,Divorced,5482,5,No,4,13,3,4,1,1,2,18,0,Senior,Medium,Mid,High
41,410,No,Sales,2,4,Life Sciences,4,Male,3,4,Manager,2,Single,16015,1,No,2,22,3,22,10,0,4,19,0,Mid,High,Long,High
18,411,No,Sales,10,3,Medical,4,Female,2,1,Sales Representative,3,Single,1200,1,No,1,0,3,0,0,0,0,12,0,Young,Low,Early,Low
28,412,No,Research & Development,16,2,Medical,2,Male,4,2,Healthcare Representative,1,Single,5661,0,No,3,9,3,8,3,0,7,19,0,Young,Medium,Long,High
31,416,No,Sales,7,3,Technical Degree,2,Male,4,2,Sales Executive,4,Married,6929,4,No,2,10,2,8,7,7,7,11,0,Mid,Medium,Long,Low
39,417,No,Research & Development,1,3,Medical,3,Male,4,3,Healthcare Representative,4,Divorced,9613,0,No,1,19,2,18,10,3,7,17,0,Mid,Medium,Long,Medium
36,419,No,Research & Development,24,4,Life Sciences,2,Female,3,2,Laboratory Technician,2,Married,5674,7,No,3,11,3,9,8,0,8,15,0,Mid,Medium,Long,Medium
32,420,No,Sales,7,3,Life Sciences,4,Male,2,2,Sales Executive,3,Married,5484,1,No,3,13,2,13,8,4,8,14,0,Mid,Medium,Long,Medium
38,421,No,Research & Development,25,2,Life Sciences,1,Female,2,3,Research Director,2,Married,12061,3,No,3,19,3,10,8,0,1,17,0,Mid,High,Long,Medium
58,422,No,Research & Development,1,4,Life Sciences,4,Male,1,2,Healthcare Representative,3,Divorced,5660,2,Yes,4,12,3,5,3,1,2,13,0,Senior,Medium,Mid,Medium
31,423,No,Research & Development,5,4,Technical Degree,3,Male,3,1,Research Scientist,4,Married,4821,0,Yes,3,6,3,5,2,0,3,12,0,Mid,Low,Mid,Low
31,424,No,Human Resources,2,3,Human Resources,1,Male,2,2,Human Resources,1,Married,6410,3,No,4,9,3,2,2,1,0,12,0,Mid,Medium,Early,Low
45,425,No,Research & Development,7,3,Life Sciences,1,Male,3,3,Laboratory Technician,1,Divorced,5210,1,No,1,24,3,24,9,9,11,18,0,Senior,Medium,Long,High
31,426,No,Research & Development,2,4,Life Sciences,3,Male,3,1,Research Scientist,4,Divorced,2695,0,Yes,2,3,1,2,2,2,2,18,0,Mid,Low,Early,High
33,428,No,Research & Development,5,4,Life Sciences,4,Female,3,3,Manager,2,Married,11878,6,No,2,12,3,10,6,8,8,11,0,Mid,High,Long,Low
39,429,No,Research & Development,10,1,Medical,3,Male,3,4,Manager,1,Married,17068,1,Yes,4,21,3,21,9,11,10,14,0,Mid,High,Long,Medium
43,430,No,Research & Development,10,4,Life Sciences,3,Female,3,1,Laboratory Technician,4,Single,2455,0,No,1,9,3,8,7,1,7,19,0,Mid,Low,Long,High
49,431,No,Research & Development,1,2,Technical Degree,3,Female,2,4,Healthcare Representative,3,Single,13964,7,Yes,4,25,3,7,1,0,7,12,0,Senior,High,Long,Low
52,433,Yes,Research & Development,8,4,Medical,3,Male,2,2,Research Scientist,2,Married,4941,2,No,1,11,2,8,2,7,7,15,1,Senior,Low,Long,Medium
27,434,No,Research & Development,5,3,Life Sciences,3,Female,3,1,Research Scientist,2,Single,2478,1,Yes,2,4,2,4,3,1,2,12,0,Young,Low,Mid,Low
32,436,No,Sales,8,2,Technical Degree,3,Female,2,2,Sales Executive,2,Married,5228,1,Yes,4,13,3,13,12,11,9,11,0,Mid,Medium,Long,Low
27,437,No,Sales,2,3,Life Sciences,4,Male,3,2,Sales Executive,3,Single,4478,1,Yes,1,5,3,5,4,0,4,11,0,Young,Low,Mid,Low
31,438,No,Sales,7,3,Marketing,4,Male,3,2,Sales Executive,4,Divorced,7547,4,No,4,13,3,7,7,1,7,12,0,Mid,Medium,Long,Low
32,439,No,Research & Development,2,4,Medical,1,Female,4,2,Research Scientist,4,Single,5055,7,No,3,10,2,7,7,0,7,16,0,Mid,Medium,Long,Medium
28,440,Yes,Research & Development,2,4,Medical,1,Male,1,1,Research Scientist,4,Married,3464,5,Yes,4,5,2,3,2,2,2,13,1,Young,Low,Mid,Medium
30,441,No,Research & Development,28,2,Medical,4,Female,3,2,Research Scientist,4,Married,5775,1,No,4,11,3,10,8,1,9,13,0,Mid,Medium,Long,Medium
31,442,No,Research & Development,7,2,Life Sciences,3,Female,2,3,Manufacturing Director,3,Married,8943,1,No,1,10,3,10,9,8,9,24,0,Mid,Medium,Long,High
39,444,No,Research & Development,7,2,Medical,3,Male,2,5,Manager,4,Married,19272,1,No,1,21,3,21,9,13,3,15,0,Mid,High,Long,Medium
39,445,Yes,Sales,3,2,Medical,4,Female,3,2,Sales Executive,3,Married,5238,4,Yes,1,12,2,1,0,0,0,18,1,Mid,Medium,Early,High
33,446,No,Sales,10,3,Marketing,2,Male,2,2,Sales Executive,4,Single,4682,3,No,3,9,2,7,7,0,1,14,0,Mid,Low,Long,Medium
47,447,No,Research & Development,5,5,Life Sciences,4,Male,3,5,Research Director,3,Married,18300,4,No,2,21,3,3,2,1,1,11,0,Senior,High,Mid,Low
43,448,No,Research & Development,10,4,Life Sciences,3,Female,2,2,Laboratory Technician,3,Divorced,5257,1,No,2,9,4,9,7,0,0,11,0,Mid,Medium,Long,Low
27,449,No,Sales,1,1,Marketing,3,Male,3,2,Sales Executive,2,Married,6349,0,Yes,4,6,3,5,4,1,4,13,0,Young,Medium,Mid,Medium
54,450,No,Research & Development,20,4,Life Sciences,4,Female,3,2,Research Scientist,3,Single,4869,3,No,4,20,2,4,3,0,3,12,0,Senior,Low,Mid,Low
43,451,No,Research & Development,7,3,Life Sciences,3,Female,3,3,Healthcare Representative,1,Married,9985,8,No,1,10,2,1,0,0,0,16,0,Mid,Medium,Early,Medium
45,452,No,Research & Development,8,4,Other,4,Male,3,2,Research Scientist,4,Married,3697,9,No,1,12,3,10,9,9,8,14,0,Senior,Low,Long,Medium
40,453,No,Sales,1,2,Medical,2,Male,1,2,Sales Executive,4,Married,7457,2,Yes,3,6,2,4,3,0,2,22,0,Mid,Medium,Mid,High
29,454,Yes,Research & Development,8,4,Other,2,Male,1,1,Laboratory Technician,1,Married,2119,1,Yes,4,7,2,7,7,0,7,11,1,Young,Low,Long,Low
29,455,No,Research & Development,9,5,Other,2,Male,2,1,Laboratory Technician,4,Single,3983,0,No,3,4,3,3,2,2,2,17,0,Young,Low,Mid,Medium
30,456,No,Sales,5,3,Marketing,4,Female,2,2,Sales Executive,3,Divorced,6118,1,No,3,10,3,10,9,1,2,13,0,Mid,Medium,Long,Medium
27,458,No,Sales,8,4,Marketing,2,Female,3,2,Sales Executive,2,Married,6214,1,No,1,8,3,8,7,0,7,18,0,Young,Medium,Long,High
37,460,No,Research & Development,5,2,Medical,4,Male,3,2,Manufacturing Director,4,Divorced,6347,7,No,3,8,2,6,2,0,4,16,0,Mid,Medium,Mid,Medium
38,461,No,Research & Development,15,2,Life Sciences,3,Male,2,3,Research Director,4,Divorced,11510,0,Yes,2,12,3,11,10,2,9,14,0,Mid,High,Long,Medium
31,462,No,Research & Development,7,4,Medical,3,Female,3,3,Manufacturing Director,4,Single,7143,1,Yes,3,11,2,11,9,4,10,14,0,Mid,Medium,Long,Medium
29,463,No,Sales,10,1,Marketing,4,Female,2,2,Sales Executive,2,Divorced,8268,1,Yes,1,7,3,7,7,1,7,14,0,Young,Medium,Long,Medium
35,464,No,Research & Development,5,4,Technical Degree,3,Male,3,3,Manufacturing Director,2,Single,8095,0,No,4,17,3,16,6,0,13,13,0,Mid,Medium,Long,Medium
23,465,No,Research & Development,26,1,Life Sciences,3,Male,3,1,Research Scientist,4,Divorced,2904,1,No,3,4,2,4,2,0,2,12,0,Young,Low,Mid,Low
41,466,No,Research & Development,6,3,Medical,4,Male,2,2,Manufacturing Director,2,Single,6032,6,Yes,4,8,3,5,4,1,2,15,0,Mid,Medium,Mid,Medium
47,467,No,Sales,4,1,Medical,2,Male,3,2,Sales Representative,3,Single,2976,3,No,1,5,3,0,0,0,0,19,0,Senior,Low,Early,High
42,468,No,Research & Development,23,5,Life Sciences,1,Female,3,4,Research Director,4,Single,15992,2,No,2,16,3,1,0,0,0,14,0,Mid,High,Early,Medium
29,469,No,Sales,2,3,Life Sciences,4,Male,3,2,Sales Executive,3,Married,4649,1,No,1,4,2,4,3,0,2,14,0,Young,Low,Mid,Medium
42,470,No,Human Resources,2,1,Technical Degree,3,Male,3,1,Human Resources,3,Divorced,2696,0,Yes,3,4,3,3,2,1,0,11,0,Mid,Low,Mid,Low
32,471,No,Research & Development,2,3,Medical,3,Female,3,1,Laboratory Technician,2,Married,2370,1,No,3,8,3,8,0,0,7,13,0,Mid,Low,Long,Medium
48,473,No,Sales,29,1,Medical,1,Female,3,3,Manager,3,Married,12504,3,No,2,15,1,0,0,0,0,21,0,Senior,High,Early,High
37,474,No,Research & Development,6,3,Medical,3,Male,4,2,Research Scientist,1,Divorced,5974,4,Yes,1,13,3,7,7,6,7,13,0,Mid,Medium,Long,Medium
30,475,No,Sales,25,2,Technical Degree,4,Female,3,2,Sales Executive,3,Married,4736,7,Yes,2,4,4,2,2,2,2,12,0,Mid,Low,Early,Low
26,476,No,Sales,1,3,Life Sciences,3,Male,3,2,Sales Executive,3,Married,5296,1,No,2,8,3,8,7,7,7,17,0,Young,Medium,Long,Medium
42,477,No,Research & Development,2,4,Other,1,Male,2,2,Healthcare Representative,4,Single,6781,3,No,2,14,3,1,0,0,0,23,0,Mid,Medium,Early,High
21,478,Yes,Sales,1,1,Technical Degree,1,Female,2,1,Sales Representative,2,Single,2174,1,Yes,3,3,3,3,2,1,2,11,1,Young,Low,Mid,Low
36,479,No,Sales,1,5,Medical,4,Female,3,2,Sales Executive,4,Single,6653,4,No,2,7,3,1,0,0,0,15,0,Mid,Medium,Early,Medium
36,481,No,Sales,3,4,Medical,1,Male,2,3,Sales Executive,4,Married,9699,4,No,1,16,3,13,9,1,12,11,0,Mid,Medium,Long,Low
57,482,No,Research & Development,1,4,Medical,4,Male,3,2,Healthcare Representative,3,Married,6755,2,No,3,15,3,3,2,1,2,11,0,Senior,Medium,Mid,Low
40,483,No,Research & Development,10,4,Life Sciences,4,Female,4,1,Laboratory Technician,3,Married,2213,3,Yes,3,10,3,7,7,1,7,13,0,Mid,Low,Long,Medium
21,484,No,Sales,9,2,Medical,1,Male,3,1,Sales Representative,4,Single,2610,1,No,3,3,2,3,2,2,2,24,0,Young,Low,Mid,High
33,485,Yes,Sales,5,3,Marketing,4,Female,3,1,Sales Representative,3,Single,2851,1,Yes,2,1,3,1,0,0,0,13,1,Mid,Low,Early,Medium
37,486,No,Research & Development,10,3,Medical,3,Female,3,1,Laboratory Technician,1,Married,3452,6,No,2,17,3,5,4,0,3,20,0,Mid,Low,Mid,High
46,487,No,Research & Development,7,4,Medical,3,Female,3,2,Manufacturing Director,3,Married,5258,2,No,3,7,4,1,0,0,0,14,0,Senior,Medium,Early,Medium
41,488,Yes,Sales,4,3,Marketing,1,Male,3,2,Sales Executive,2,Single,9355,1,No,3,8,3,8,7,7,7,18,1,Mid,Medium,Long,High
50,491,No,Research & Development,10,3,Technical Degree,4,Male,2,3,Healthcare Representative,4,Single,10496,6,No,4,20,3,4,3,1,3,15,0,Senior,High,Mid,Medium
40,492,Yes,Sales,22,2,Marketing,3,Male,2,2,Sales Executive,3,Married,6380,2,Yes,1,8,3,6,4,1,0,12,1,Mid,Medium,Mid,Low
31,493,No,Research & Development,9,4,Life Sciences,3,Male,2,1,Research Scientist,2,Single,2657,0,Yes,4,3,3,2,2,2,2,16,0,Mid,Low,Early,Medium
21,494,Yes,Sales,12,3,Life Sciences,3,Female,4,1,Sales Representative,2,Single,2716,1,No,4,1,3,1,0,0,0,15,1,Young,Low,Early,Medium
29,495,No,Research & Development,23,3,Life Sciences,4,Male,3,1,Research Scientist,4,Single,2201,9,No,4,6,3,3,2,1,2,16,0,Young,Low,Mid,Medium
35,496,No,Research & Development,9,4,Life Sciences,3,Male,2,2,Healthcare Representative,2,Single,6540,9,No,3,10,3,1,1,0,0,19,0,Mid,Medium,Early,High
27,497,No,Research & Development,1,2,Medical,4,Male,3,1,Laboratory Technician,2,Divorced,3816,1,No,2,5,3,5,2,0,4,11,0,Young,Low,Mid,Low
28,498,No,Sales,9,4,Life Sciences,2,Male,3,2,Sales Executive,4,Single,5253,1,No,4,7,3,7,5,0,7,16,0,Young,Medium,Long,Medium
49,499,No,Research & Development,7,3,Other,2,Male,2,3,Healthcare Representative,3,Single,10965,8,No,3,26,3,5,2,0,0,24,0,Senior,High,Mid,High
51,500,No,Sales,14,2,Life Sciences,3,Female,3,2,Sales Executive,4,Married,4936,4,No,3,18,2,7,7,0,7,11,0,Senior,Low,Long,Low
36,501,No,Research & Development,2,3,Life Sciences,4,Female,3,1,Research Scientist,3,Married,2543,4,No,2,6,3,2,2,2,2,13,0,Mid,Low,Early,Medium
34,502,Yes,Sales,19,3,Marketing,1,Male,4,2,Sales Executive,4,Single,5304,8,Yes,2,9,2,5,2,0,4,13,1,Mid,Medium,Mid,Medium
55,505,No,Research & Development,2,3,Life Sciences,3,Female,3,4,Manager,4,Single,16659,2,Yes,3,30,3,5,4,1,2,13,0,Senior,High,Mid,Medium
24,507,No,Sales,10,4,Marketing,4,Female,3,2,Sales Executive,3,Divorced,4260,1,Yes,4,5,4,5,2,0,3,12,0,Young,Low,Mid,Low
30,508,No,Sales,2,1,Technical Degree,3,Male,3,1,Sales Representative,2,Married,2476,1,No,1,1,3,1,0,0,0,18,0,Mid,Low,Early,High
26,510,Yes,Research & Development,3,1,Technical Degree,3,Male,3,1,Research Scientist,1,Single,3102,0,No,3,7,3,6,4,0,4,22,1,Young,Low,Mid,High
22,511,No,Research & Development,11,3,Medical,1,Female,3,1,Research Scientist,2,Married,2244,1,No,4,2,3,2,1,1,2,13,0,Young,Low,Early,Medium
36,513,No,Sales,2,2,Medical,2,Male,2,3,Sales Executive,3,Married,7596,1,No,2,10,3,10,9,9,0,13,0,Mid,Medium,Long,Medium
30,514,Yes,Research & Development,4,3,Technical Degree,3,Male,3,1,Research Scientist,4,Single,2285,9,Yes,3,3,3,1,0,0,0,23,1,Mid,Low,Early,High
37,515,No,Research & Development,14,3,Life Sciences,4,Female,3,1,Laboratory Technician,1,Divorced,3034,1,No,3,18,2,18,7,12,17,12,0,Mid,Low,Long,Low
40,516,No,Sales,2,2,Marketing,4,Female,3,2,Sales Executive,2,Divorced,5715,7,No,3,8,3,5,4,1,3,12,0,Mid,Medium,Mid,Low
42,517,No,Research & Development,1,4,Life Sciences,2,Female,3,1,Laboratory Technician,1,Divorced,2576,3,No,2,8,3,5,2,1,2,16,0,Mid,Low,Mid,Medium
37,518,No,Research & Development,10,4,Life Sciences,3,Male,3,2,Manufacturing Director,2,Single,4197,2,Yes,4,18,2,1,0,0,1,12,0,Mid,Low,Early,Low
43,520,No,Research & Development,12,3,Life Sciences,1,Male,2,4,Research Director,2,Divorced,14336,1,No,3,25,3,25,10,3,9,11,0,Mid,High,Long,Low
40,521,No,Research & Development,2,3,Medical,2,Female,2,2,Laboratory Technician,3,Married,3448,6,No,2,20,3,1,0,0,0,22,0,Mid,Low,Early,High
54,522,No,Research & Development,5,2,Medical,1,Male,3,5,Research Director,1,Married,19406,4,No,3,24,2,4,2,1,2,11,0,Senior,High,Mid,Low
34,523,No,Sales,4,4,Marketing,3,Female,3,2,Sales Executive,3,Married,6538,9,No,1,6,3,3,2,1,2,15,0,Mid,Medium,Mid,Medium
31,524,No,Research & Development,7,2,Medical,2,Female,3,2,Manufacturing Director,1,Married,4306,1,No,2,13,1,13,10,3,12,12,0,Mid,Low,Long,Low
43,525,No,Research & Development,21,3,Medical,4,Male,3,1,Laboratory Technician,4,Married,2258,7,No,1,8,3,3,2,1,2,20,0,Mid,Low,Mid,High
43,526,No,Research & Development,8,4,Other,3,Female,3,2,Healthcare Representative,3,Divorced,4522,4,Yes,4,8,3,5,2,0,2,14,0,Mid,Low,Mid,Medium
25,527,No,Sales,4,2,Life Sciences,2,Female,2,2,Sales Executive,4,Single,4487,1,Yes,2,5,3,5,4,1,3,11,0,Young,Low,Mid,Low
37,529,No,Research & Development,25,5,Medical,2,Female,3,2,Research Scientist,3,Married,4449,3,Yes,1,15,3,13,11,10,7,15,0,Mid,Low,Long,Medium
31,530,No,Research & Development,1,2,Life Sciences,4,Male,2,1,Laboratory Technician,1,Married,2218,1,No,3,4,3,4,2,3,2,12,0,Mid,Low,Mid,Low
39,531,No,Research & Development,1,1,Life Sciences,2,Male,3,5,Manager,3,Divorced,19197,1,Yes,3,21,3,21,8,1,6,14,0,Mid,High,Long,Medium
56,532,No,Sales,6,3,Life Sciences,3,Female,4,4,Sales Executive,1,Married,13212,9,No,4,36,2,7,7,7,7,11,0,Senior,High,Long,Low
30,533,No,Sales,12,3,Technical Degree,2,Female,3,2,Sales Executive,3,Single,6577,0,No,2,6,3,5,4,4,4,11,0,Mid,Medium,Mid,Low
41,534,No,Sales,1,3,Marketing,2,Male,4,3,Sales Executive,1,Married,8392,1,No,3,10,3,10,7,0,7,16,0,Mid,Medium,Long,Medium
28,536,No,Research & Development,17,2,Medical,3,Male,3,2,Laboratory Technician,1,Divorced,4558,1,No,4,10,3,10,0,1,8,12,0,Young,Low,Long,Low
25,538,Yes,Research & Development,3,3,Medical,1,Male,3,1,Laboratory Technician,1,Married,4031,5,No,3,6,3,2,2,0,2,13,1,Young,Low,Early,Medium
52,543,No,Research & Development,3,3,Medical,4,Male,2,3,Manufacturing Director,3,Married,7969,2,Yes,3,28,3,5,4,0,4,14,0,Senior,Medium,Mid,Medium
45,544,No,Research & Development,10,2,Life Sciences,1,Male,3,1,Research Scientist,4,Married,2654,3,No,4,8,2,2,2,0,2,21,0,Senior,Low,Early,High
52,546,No,Research & Development,4,2,Life Sciences,4,Female,3,4,Manager,4,Married,16555,2,No,4,31,1,5,2,1,4,13,0,Senior,High,Mid,Medium
42,547,No,Research & Development,29,2,Life Sciences,1,Female,3,2,Research Scientist,3,Divorced,4556,2,No,2,19,3,5,4,0,2,11,0,Mid,Low,Mid,Low
30,548,No,Research & Development,2,3,Life Sciences,3,Female,1,2,Manufacturing Director,4,Single,6091,2,No,3,11,3,5,4,0,2,20,0,Mid,Medium,Mid,High
60,549,No,Research & Development,7,3,Life Sciences,1,Female,3,5,Manager,1,Married,19566,5,No,4,33,1,29,8,11,10,11,0,Senior,High,Long,Low
46,550,No,Research & Development,18,3,Medical,3,Female,3,2,Manufacturing Director,3,Divorced,4810,2,No,3,19,2,10,7,0,8,14,0,Senior,Low,Long,Medium
42,551,No,Research & Development,28,4,Technical Degree,4,Female,2,2,Healthcare Representative,4,Married,4523,0,No,4,7,4,6,5,0,4,11,0,Mid,Low,Mid,Low
24,554,Yes,Sales,1,1,Technical Degree,1,Female,3,1,Sales Representative,2,Single,3202,1,Yes,2,6,3,5,3,1,4,16,1,Young,Low,Mid,Medium
34,555,Yes,Sales,6,2,Marketing,4,Female,1,1,Sales Representative,3,Divorced,2351,0,No,4,3,2,2,2,1,0,16,1,Mid,Low,Early,Medium
38,556,No,Research & Development,2,2,Life Sciences,4,Male,3,1,Laboratory Technician,4,Married,1702,1,Yes,3,1,3,1,0,0,0,23,0,Mid,Low,Early,High
40,558,No,Sales,2,4,Life Sciences,3,Female,3,5,Manager,3,Married,18041,0,No,4,21,3,20,15,1,12,14,0,Mid,High,Long,Medium
26,560,No,Research & Development,23,3,Life Sciences,1,Female,3,1,Research Scientist,4,Divorced,2886,1,No,2,3,1,3,2,0,2,22,0,Young,Low,Mid,High
30,562,No,Research & Development,3,3,Life Sciences,3,Male,3,1,Laboratory Technician,4,Married,2097,4,No,3,9,1,5,3,1,4,15,0,Mid,Low,Mid,Medium
29,564,No,Research & Development,3,4,Medical,2,Male,2,3,Research Director,3,Married,11935,1,No,3,10,3,10,2,0,7,18,0,Young,High,Long,High
29,565,Yes,Research & Development,25,5,Technical Degree,3,Female,2,1,Research Scientist,2,Married,2546,5,No,2,6,4,2,2,1,1,16,1,Young,Low,Early,Medium
19,566,Yes,Human Resources,2,2,Technical Degree,1,Male,2,1,Human Resources,4,Single,2564,1,No,3,1,4,1,0,0,0,12,1,Young,Low,Early,Low
30,567,No,Sales,22,4,Other,3,Female,3,3,Sales Executive,1,Married,8412,0,No,3,10,3,9,8,7,8,11,0,Mid,Medium,Long,Low
57,568,No,Sales,29,3,Marketing,1,Male,2,4,Manager,4,Divorced,14118,3,No,3,32,2,1,0,0,0,12,0,Senior,High,Early,Low
50,569,No,Research & Development,29,4,Life Sciences,2,Male,2,4,Manager,3,Married,17046,0,No,2,28,3,27,10,15,7,15,0,Senior,High,Long,Medium
30,571,No,Research & Development,2,3,Medical,3,Female,3,1,Laboratory Technician,4,Single,2564,0,No,3,12,2,11,7,6,7,14,0,Mid,Low,Long,Medium
60,573,No,Sales,28,3,Marketing,3,Female,2,3,Sales Executive,1,Married,10266,4,No,4,22,4,18,13,13,11,19,0,Senior,High,Long,High
47,574,No,Research & Development,2,2,Medical,1,Female,3,2,Manufacturing Director,4,Divorced,5070,5,No,3,20,3,5,0,0,4,13,0,Senior,Medium,Mid,Medium
46,575,No,Research & Development,2,3,Life Sciences,1,Male,3,4,Research Director,3,Married,17861,6,No,3,26,1,3,2,0,1,13,0,Senior,High,Mid,Medium
35,577,No,Research & Development,22,3,Life Sciences,4,Male,1,1,Laboratory Technician,3,Single,4230,0,No,3,6,3,5,4,4,3,15,0,Mid,Low,Mid,Medium
54,578,No,Research & Development,8,4,Life Sciences,3,Female,3,2,Laboratory Technician,3,Single,3780,7,No,3,19,3,1,0,0,0,11,0,Senior,Low,Early,Low
34,579,No,Research & Development,2,4,Life Sciences,4,Male,2,1,Research Scientist,3,Divorced,2768,3,No,3,14,3,7,3,5,7,12,0,Mid,Low,Long,Low
46,580,No,Sales,10,3,Marketing,3,Female,2,3,Sales Executive,4,Married,9071,2,Yes,3,15,3,3,2,1,2,19,0,Senior,Medium,Mid,High
31,581,No,Research & Development,9,1,Life Sciences,3,Male,3,3,Manufacturing Director,2,Divorced,10648,1,No,4,13,4,13,8,0,8,25,0,Mid,High,Long,High
33,582,Yes,Research & Development,15,1,Medical,2,Male,3,3,Manager,3,Married,13610,7,Yes,4,15,4,7,6,7,7,12,1,Mid,High,Long,Low
33,584,Yes,Research & Development,10,1,Medical,1,Male,1,1,Laboratory Technician,4,Divorced,3408,7,No,1,8,3,4,3,1,3,13,1,Mid,Low,Mid,Medium
30,585,No,Sales,7,1,Marketing,4,Male,3,1,Sales Representative,2,Single,2983,0,No,1,4,3,3,2,1,2,14,0,Mid,Low,Mid,Medium
35,586,No,Research & Development,16,3,Life Sciences,4,Male,3,3,Healthcare Representative,3,Married,7632,4,Yes,3,10,3,8,7,0,0,12,0,Mid,Medium,Long,Low
31,587,Yes,Research & Development,20,3,Life Sciences,1,Male,3,3,Healthcare Representative,3,Married,9824,3,No,1,12,3,1,0,0,0,12,1,Mid,Medium,Early,Low
34,590,Yes,Human Resources,23,3,Human Resources,2,Female,3,3,Human Resources,1,Divorced,9950,9,Yes,3,11,3,3,2,0,2,15,1,Mid,Medium,Mid,Medium
42,591,No,Research & Development,5,2,Other,2,Male,3,1,Laboratory Technician,3,Married,2093,4,No,4,8,3,2,2,2,0,17,0,Mid,Low,Early,Medium
36,592,No,Sales,10,4,Medical,2,Male,3,3,Sales Executive,4,Single,9980,1,No,4,10,2,10,3,9,7,14,0,Mid,Medium,Long,Medium
22,593,Yes,Research & Development,4,1,Technical Degree,3,Male,2,1,Laboratory Technician,3,Single,3894,5,No,3,4,3,2,2,1,2,16,1,Young,Low,Early,Medium
48,595,No,Sales,2,5,Marketing,2,Female,3,2,Sales Executive,4,Married,4051,2,No,1,14,3,9,7,6,7,14,0,Senior,Low,Long,Medium
55,597,No,Sales,18,5,Life Sciences,1,Female,3,4,Manager,2,Single,16835,3,No,4,37,3,10,9,7,7,23,0,Senior,High,Long,High
41,599,No,Sales,10,2,Life Sciences,4,Male,3,2,Sales Executive,4,Single,6230,7,No,4,16,3,14,3,1,10,14,0,Mid,Medium,Long,Medium
35,600,No,Sales,1,3,Marketing,2,Male,3,2,Sales Executive,3,Married,4717,9,No,3,15,3,11,9,6,9,11,0,Mid,Low,Long,Low
40,601,No,Research & Development,6,3,Life Sciences,2,Female,3,4,Manufacturing Director,3,Single,13237,7,No,3,22,3,20,6,5,13,15,0,Mid,High,Long,Medium
39,602,No,Research & Development,8,1,Life Sciences,3,Female,3,1,Laboratory Technician,3,Married,3755,1,No,1,8,3,8,3,0,7,11,0,Mid,Low,Long,Low
31,604,No,Sales,2,1,Life Sciences,2,Male,3,2,Sales Executive,4,Single,6582,4,Yes,3,10,4,6,5,0,5,13,0,Mid,Medium,Mid,Medium
42,605,No,Research & Development,24,3,Medical,4,Male,3,3,Manufacturing Director,1,Married,7406,1,Yes,4,10,2,10,9,5,8,21,0,Mid,Medium,Long,High
45,606,No,Sales,2,3,Other,4,Male,3,2,Sales Executive,2,Married,4805,0,No,2,9,4,8,7,3,7,19,0,Senior,Low,Long,High
26,608,Yes,Human Resources,17,4,Life Sciences,2,Female,3,1,Human Resources,3,Divorced,2741,0,Yes,2,8,2,7,7,1,0,11,1,Young,Low,Long,Low
29,611,No,Research & Development,19,3,Technical Degree,4,Male,3,2,Manufacturing Director,4,Divorced,4262,4,No,2,8,4,3,2,1,2,12,0,Young,Low,Mid,Low
33,612,No,Research & Development,1,5,Medical,1,Female,4,4,Research Director,3,Divorced,16184,4,No,3,10,3,6,1,0,5,19,0,Mid,High,Mid,High
31,613,No,Sales,7,3,Life Sciences,3,Male,2,3,Manager,4,Divorced,11557,9,No,3,10,2,5,4,0,1,21,0,Mid,High,Mid,High
18,614,Yes,Sales,5,3,Marketing,2,Male,3,1,Sales Representative,2,Single,1878,1,Yes,4,0,3,0,0,0,0,14,1,Young,Low,Early,Medium
40,615,No,Sales,28,3,Other,3,Male,1,3,Sales Executive,1,Divorced,10932,3,No,3,20,3,1,0,0,1,15,0,Mid,High,Early,Medium
41,616,No,Research & Development,2,4,Other,1,Female,2,2,Healthcare Representative,3,Single,6811,2,Yes,1,10,3,8,7,0,7,17,0,Mid,Medium,Long,Medium
26,618,No,Sales,29,2,Medical,1,Male,3,2,Sales Executive,3,Divorced,4306,5,No,1,8,3,0,0,0,0,12,0,Young,Low,Early,Low
35,620,No,Sales,1,3,Medical,1,Female,3,2,Sales Executive,3,Single,4859,1,No,4,5,3,5,4,0,3,16,0,Mid,Low,Mid,Medium
34,621,No,Sales,21,4,Life Sciences,4,Male,4,2,Sales Executive,4,Single,5337,1,No,4,10,3,10,7,5,7,12,0,Mid,Medium,Long,Low
26,622,Yes,Research & Development,24,3,Technical Degree,3,Male,1,1,Laboratory Technician,4,Single,2340,1,Yes,2,1,1,1,0,0,0,18,1,Young,Low,Early,High
37,623,No,Research & Development,1,3,Technical Degree,2,Female,3,3,Manufacturing Director,4,Single,7491,4,No,4,12,4,6,5,1,2,17,0,Mid,Medium,Mid,Medium
46,624,No,Research & Development,18,1,Medical,1,Female,3,3,Healthcare Representative,3,Married,10527,5,No,4,28,2,2,2,1,2,11,0,Senior,High,Early,Low
41,625,No,Sales,2,5,Life Sciences,2,Female,3,4,Manager,1,Married,16595,7,No,2,22,3,18,16,11,8,16,0,Mid,High,Long,Medium
37,626,No,Sales,9,4,Medical,1,Male,3,3,Sales Executive,2,Divorced,8834,1,No,4,9,3,9,5,7,7,13,0,Mid,Medium,Long,Medium
52,630,No,Research & Development,6,2,Technical Degree,4,Male,3,2,Research Scientist,1,Divorced,5577,3,Yes,2,18,3,10,9,6,9,12,0,Senior,Medium,Long,Low
32,631,Yes,Sales,11,4,Other,4,Male,4,2,Sales Executive,3,Married,4707,8,No,4,6,3,4,2,1,2,12,1,Mid,Low,Mid,Low
24,632,No,Sales,24,3,Medical,4,Male,3,1,Sales Representative,4,Married,2400,0,No,3,3,3,2,2,2,1,13,0,Young,Low,Early,Medium
38,634,No,Research & Development,10,3,Medical,3,Female,3,2,Healthcare Representative,3,Married,9824,3,No,3,18,3,1,0,0,0,19,0,Mid,Medium,Early,High
37,635,No,Research & Development,1,4,Life Sciences,2,Female,3,2,Manufacturing Director,2,Married,6447,6,No,2,8,2,6,5,4,3,12,0,Mid,Medium,Mid,Low
49,638,No,Research & Development,18,4,Life Sciences,4,Male,2,5,Research Director,3,Divorced,19502,1,Yes,3,31,3,31,9,0,9,17,0,Senior,High,Long,Medium
24,639,No,Research & Development,23,3,Medical,2,Male,4,1,Research Scientist,4,Married,2725,1,Yes,2,6,3,6,5,1,4,11,0,Young,Low,Mid,Low
26,641,No,Sales,28,2,Marketing,1,Male,3,2,Sales Executive,2,Married,6272,1,No,4,6,4,5,3,1,4,20,0,Young,Medium,Mid,High
24,643,No,Research & Development,17,2,Other,4,Male,2,1,Laboratory Technician,2,Married,2127,1,No,4,1,3,1,0,0,0,21,0,Young,Low,Early,High
50,644,No,Human Resources,3,3,Medical,1,Male,3,5,Manager,2,Married,18200,1,No,3,32,3,32,5,10,7,11,0,Senior,High,Long,Low
25,645,No,Sales,13,1,Medical,2,Male,3,1,Sales Representative,3,Married,2096,1,No,3,7,3,7,4,0,6,11,0,Young,Low,Long,Low
24,647,Yes,Research & Development,7,3,Life Sciences,1,Female,3,1,Laboratory Technician,3,Married,2886,1,Yes,4,6,3,6,3,1,2,16,1,Young,Low,Mid,Medium
30,648,Yes,Sales,12,4,Life Sciences,2,Male,2,1,Sales Representative,1,Married,2033,1,No,3,1,4,1,0,0,0,18,1,Mid,Low,Early,High
34,649,No,Research & Development,1,2,Life Sciences,2,Male,2,1,Research Scientist,4,Married,3622,1,Yes,4,6,3,6,5,1,3,13,0,Mid,Low,Mid,Medium
31,650,Yes,Sales,13,4,Medical,2,Male,3,2,Sales Executive,1,Divorced,4233,2,No,3,9,1,3,1,1,2,17,1,Mid,Low,Mid,Medium
35,652,No,Research & Development,25,2,Other,1,Male,2,2,Laboratory Technician,4,Single,3681,4,No,4,9,3,3,2,0,2,14,0,Mid,Low,Mid,Medium
31,653,No,Sales,6,4,Medical,1,Male,4,2,Sales Executive,4,Divorced,5460,4,No,4,13,4,7,7,5,7,22,0,Mid,Medium,Long,High
27,655,No,Research & Development,6,4,Medical,1,Female,2,1,Research Scientist,3,Divorced,2187,0,No,3,6,2,5,3,0,3,12,0,Young,Low,Mid,Low
37,656,No,Sales,2,3,Marketing,4,Male,3,2,Sales Executive,3,Married,9602,4,Yes,3,17,2,3,0,1,0,11,0,Mid,Medium,Mid,Low
20,657,No,Research & Development,1,3,Life Sciences,4,Female,2,1,Research Scientist,2,Single,2836,1,No,4,1,4,1,0,0,0,13,0,Young,Low,Early,Medium
42,659,No,Research & Development,2,4,Life Sciences,3,Female,3,2,Healthcare Representative,4,Married,4089,1,No,2,10,3,10,2,2,2,13,0,Mid,Low,Long,Medium
43,661,No,Research & Development,6,4,Other,2,Male,2,4,Research Director,4,Divorced,16627,4,Yes,3,21,2,1,0,0,0,14,0,Mid,High,Early,Medium
38,662,No,Research & Development,1,1,Life Sciences,3,Female,3,1,Research Scientist,1,Single,2619,3,No,4,8,2,0,0,0,0,17,0,Mid,Low,Early,Medium
43,663,No,Research & Development,9,5,Medical,4,Male,3,2,Laboratory Technician,3,Divorced,5679,3,Yes,2,10,3,8,7,4,7,13,0,Mid,Medium,Long,Medium
48,664,No,Research & Development,1,4,Life Sciences,4,Female,2,4,Manager,1,Married,15402,7,No,1,21,1,3,2,0,2,11,0,Senior,High,Mid,Low
44,665,No,Human Resources,1,4,Life Sciences,1,Female,2,2,Human Resources,3,Single,5985,4,No,2,10,4,2,2,0,2,11,0,Mid,Medium,Early,Low
34,666,No,Sales,14,3,Technical Degree,3,Female,3,1,Sales Representative,3,Divorced,2579,1,Yes,4,8,3,8,2,0,6,18,0,Mid,Low,Long,High
27,667,Yes,Sales,2,1,Marketing,3,Male,3,1,Sales Representative,1,Divorced,3041,0,No,2,5,3,4,3,0,2,11,1,Young,Low,Mid,Low
21,669,No,Sales,22,1,Technical Degree,3,Male,3,1,Sales Representative,3,Single,3447,1,No,3,3,3,3,2,1,2,11,0,Young,Low,Mid,Low
44,671,No,Research & Development,3,4,Other,4,Male,3,5,Manager,4,Married,19513,4,Yes,1,26,4,2,2,0,1,12,0,Mid,High,Early,Low
22,675,No,Research & Development,6,1,Medical,1,Male,3,1,Research Scientist,3,Married,2773,0,No,4,3,3,2,2,2,2,20,0,Young,Low,Early,High
33,677,No,Sales,8,4,Marketing,3,Male,3,2,Sales Executive,3,Divorced,7104,0,No,4,6,3,5,0,1,2,12,0,Mid,Medium,Mid,Low
32,679,No,Research & Development,9,4,Life Sciences,1,Female,3,2,Research Scientist,4,Married,6322,1,Yes,4,6,2,6,4,0,5,12,0,Mid,Medium,Mid,Low
30,680,No,Research & Development,3,3,Medical,3,Female,3,1,Research Scientist,3,Divorced,2083,1,No,3,1,3,1,0,0,0,20,0,Mid,Low,Early,High
53,682,No,Sales,1,1,Medical,4,Female,3,2,Sales Executive,1,Single,8381,7,No,4,18,4,14,7,8,10,20,0,Senior,Medium,Long,High
34,683,No,Research & Development,1,5,Life Sciences,2,Male,3,1,Research Scientist,4,Married,2691,1,No,4,10,2,10,9,8,8,12,0,Mid,Low,Long,Low
45,684,Yes,Sales,26,4,Life Sciences,1,Female,3,2,Sales Executive,1,Married,4286,2,No,4,5,3,1,1,0,0,14,1,Senior,Low,Early,Medium
26,686,No,Research & Development,6,3,Life Sciences,3,Female,3,1,Laboratory Technician,4,Married,2659,1,Yes,3,3,3,3,2,0,2,13,0,Young,Low,Mid,Medium
37,689,No,Research & Development,3,3,Other,3,Male,3,3,Manufacturing Director,3,Married,9434,1,No,3,10,3,10,7,7,8,15,0,Mid,Medium,Long,Medium
29,690,No,Sales,3,2,Medical,2,Female,3,2,Sales Executive,3,Married,5561,1,No,1,6,2,6,0,1,2,14,0,Young,Medium,Mid,Medium
35,691,No,Research & Development,6,4,Life Sciences,2,Male,1,2,Research Scientist,4,Single,6646,1,No,2,17,3,17,11,11,8,13,0,Mid,Medium,Long,Medium
33,692,No,Research & Development,6,3,Life Sciences,3,Male,3,2,Healthcare Representative,4,Divorced,7725,3,No,3,15,1,13,11,4,7,23,0,Mid,Medium,Long,High
54,698,No,Human Resources,19,4,Medical,3,Male,3,3,Human Resources,2,Married,10725,2,No,3,16,4,9,7,7,1,15,0,Senior,High,Long,Medium
36,699,No,Research & Development,9,2,Medical,2,Male,2,2,Manufacturing Director,2,Divorced,8847,2,Yes,3,13,3,3,2,0,2,11,0,Mid,Medium,Mid,Low
27,700,No,Research & Development,3,4,Medical,1,Male,2,1,Research Scientist,4,Single,2045,0,No,4,5,3,4,2,1,1,13,0,Young,Low,Mid,Medium
20,701,Yes,Research & Development,10,1,Medical,4,Male,3,1,Research Scientist,3,Single,1009,1,Yes,4,1,3,1,0,1,1,11,1,Young,Low,Early,Low
33,702,Yes,Research & Development,3,3,Life Sciences,1,Male,3,1,Research Scientist,1,Single,3348,1,Yes,1,10,3,10,8,9,7,11,1,Mid,Low,Long,Low
35,704,No,Research & Development,3,3,Life Sciences,3,Male,2,1,Laboratory Technician,3,Married,1281,1,No,3,1,3,1,0,0,0,18,0,Mid,Low,Early,High
23,705,No,Research & Development,4,3,Medical,1,Male,4,1,Research Scientist,1,Married,2819,2,No,1,5,4,3,2,0,2,16,0,Young,Low,Mid,Medium
25,707,No,Sales,8,3,Life Sciences,4,Male,4,2,Sales Executive,2,Married,4851,0,No,3,4,3,3,2,1,2,22,0,Young,Low,Mid,High
38,709,No,Sales,7,4,Marketing,4,Female,2,2,Sales Executive,4,Single,4028,0,No,1,8,3,7,7,0,5,20,0,Mid,Low,Long,High
29,710,No,Research & Development,1,4,Life Sciences,2,Male,1,1,Research Scientist,4,Divorced,2720,1,No,4,10,3,10,7,2,8,18,0,Young,Low,Long,High
48,712,No,Sales,2,1,Marketing,2,Male,4,2,Sales Executive,2,Married,8120,3,No,4,12,3,2,2,2,2,12,0,Senior,Medium,Early,Low
27,714,No,Sales,3,1,Medical,4,Female,4,2,Sales Executive,4,Divorced,4647,1,Yes,2,6,3,6,5,0,4,20,0,Young,Low,Mid,High
37,715,No,Research & Development,10,2,Life Sciences,4,Male,4,1,Research Scientist,4,Single,4680,3,No,1,4,3,1,0,0,0,17,0,Mid,Low,Early,Medium
50,716,No,Research & Development,28,1,Medical,4,Male,4,1,Laboratory Technician,3,Married,3221,1,Yes,3,20,3,20,8,3,8,11,0,Senior,Low,Long,Low
34,717,No,Research & Development,9,3,Medical,4,Female,2,3,Healthcare Representative,2,Single,8621,1,No,2,9,4,8,7,7,7,14,0,Mid,Medium,Long,Medium
24,720,Yes,Sales,3,2,Life Sciences,1,Female,3,2,Sales Executive,3,Single,4577,9,No,1,4,3,2,2,2,0,14,1,Young,Low,Early,Medium
39,721,No,Research & Development,2,4,Technical Degree,4,Female,2,2,Healthcare Representative,3,Single,4553,1,No,1,20,3,20,7,11,10,11,0,Mid,Low,Long,Low
32,722,No,Sales,10,3,Marketing,4,Male,3,2,Sales Executive,4,Single,5396,1,No,4,10,2,10,7,0,8,12,0,Mid,Medium,Long,Low
50,723,Yes,Sales,8,2,Technical Degree,2,Male,3,2,Sales Executive,3,Married,6796,3,Yes,1,18,3,4,3,1,3,14,1,Senior,Medium,Mid,Medium
38,724,No,Research & Development,1,4,Life Sciences,2,Female,4,2,Healthcare Representative,4,Single,7625,0,No,3,10,2,9,7,1,8,13,0,Mid,Medium,Long,Medium
27,725,No,Research & Development,1,2,Life Sciences,3,Female,3,3,Manufacturing Director,1,Married,7412,1,No,4,9,3,9,7,0,7,11,0,Young,Medium,Long,Low
32,727,No,Research & Development,3,2,Life Sciences,3,Female,3,3,Research Director,4,Single,11159,3,No,4,10,3,7,7,7,7,15,0,Mid,High,Long,Medium
47,728,No,Sales,14,4,Marketing,4,Male,3,2,Sales Executive,1,Single,4960,2,No,4,20,3,7,7,1,7,12,0,Senior,Low,Long,Low
40,729,No,Sales,5,4,Life Sciences,4,Male,2,3,Sales Executive,1,Married,10475,5,Yes,3,20,3,18,13,1,12,21,0,Mid,High,Long,High
53,730,No,Research & Development,7,3,Life Sciences,3,Male,4,4,Research Director,3,Married,14814,3,No,3,32,3,5,1,1,3,19,0,Senior,High,Mid,High
41,731,No,Human Resources,10,4,Human Resources,2,Male,2,5,Manager,4,Divorced,19141,3,No,2,23,2,21,6,12,6,15,0,Mid,High,Long,Medium
60,732,No,Sales,16,4,Marketing,1,Male,3,2,Sales Executive,1,Single,5405,8,No,4,10,3,2,2,2,2,14,0,Senior,Medium,Early,Medium
27,733,No,Research & Development,10,2,Life Sciences,4,Male,3,3,Manufacturing Director,1,Divorced,8793,1,No,3,9,2,9,7,1,7,21,0,Young,Medium,Long,High
41,734,No,Human Resources,1,3,Human Resources,4,Male,2,5,Manager,3,Married,19189,1,No,2,22,3,22,7,2,10,12,0,Mid,High,Long,Low
50,738,No,Sales,8,4,Marketing,4,Male,3,1,Sales Representative,2,Married,3875,7,No,4,4,3,2,2,2,2,15,0,Senior,Low,Early,Medium
28,741,Yes,Research & Development,1,2,Life Sciences,1,Female,1,1,Research Scientist,2,Single,2216,7,Yes,4,10,3,7,7,3,7,13,1,Young,Low,Long,Medium
36,742,No,Research & Development,8,3,Life Sciences,1,Female,4,3,Research Director,1,Married,11713,9,No,1,10,3,8,7,0,5,14,0,Mid,High,Long,Medium
38,743,No,Research & Development,1,3,Life Sciences,3,Female,3,3,Manufacturing Director,3,Single,7861,4,Yes,4,10,4,1,0,0,0,14,0,Mid,Medium,Early,Medium
44,744,No,Research & Development,24,3,Medical,1,Male,1,1,Laboratory Technician,3,Single,3708,2,No,3,9,3,5,2,1,4,14,0,Mid,Low,Mid,Medium
47,746,No,Sales,3,3,Medical,4,Female,3,4,Sales Executive,3,Divorced,13770,9,Yes,4,28,2,22,2,11,13,12,0,Senior,High,Long,Low
30,747,No,Sales,27,5,Marketing,3,Male,3,2,Sales Executive,4,Divorced,5304,7,No,4,10,2,8,7,7,7,23,0,Mid,Medium,Long,High
29,749,No,Sales,10,3,Life Sciences,3,Male,3,1,Sales Representative,3,Single,2642,1,No,3,1,3,1,0,0,0,11,0,Young,Low,Early,Low
42,752,Yes,Research & Development,19,3,Medical,3,Male,4,1,Research Scientist,3,Divorced,2759,6,Yes,4,7,3,2,2,2,2,12,1,Mid,Low,Early,Low
43,754,No,Sales,15,3,Life Sciences,4,Male,2,2,Sales Executive,4,Married,6804,3,No,3,7,3,2,2,2,2,18,0,Mid,Medium,Early,High
34,757,No,Research & Development,8,2,Medical,2,Female,3,2,Healthcare Representative,3,Single,6142,3,No,4,10,3,5,1,4,3,11,0,Mid,Medium,Mid,Low
23,758,No,Research & Development,9,1,Medical,2,Male,3,1,Laboratory Technician,1,Married,2500,1,No,4,5,4,4,3,0,2,14,0,Young,Low,Mid,Medium
39,760,No,Human Resources,3,3,Human Resources,3,Female,4,2,Human Resources,2,Married,6389,9,No,3,12,1,8,3,3,6,15,0,Mid,Medium,Long,Medium
56,762,No,Research & Development,9,3,Medical,3,Male,3,4,Healthcare Representative,4,Married,11103,7,No,3,30,2,10,7,1,1,11,0,Senior,High,Long,Low
40,763,No,Research & Development,2,1,Medical,4,Female,2,1,Research Scientist,4,Single,2342,0,Yes,4,5,2,4,2,2,3,20,0,Mid,Low,Mid,High
27,764,No,Research & Development,7,3,Medical,4,Female,2,2,Healthcare Representative,1,Single,6811,8,No,1,9,1,7,6,0,7,19,0,Young,Medium,Long,High
29,766,No,Sales,10,3,Marketing,4,Male,3,1,Sales Representative,2,Divorced,2297,1,No,4,2,3,2,2,2,2,14,0,Young,Low,Early,Medium
53,769,No,Research & Development,6,3,Life Sciences,4,Male,3,2,Laboratory Technician,4,Single,2450,2,No,4,19,3,2,2,2,2,17,0,Senior,Low,Early,Medium
35,771,No,Research & Development,2,4,Life Sciences,4,Female,3,2,Healthcare Representative,1,Divorced,5093,2,No,1,16,4,1,0,0,0,11,0,Mid,Medium,Early,Low
32,772,No,Research & Development,24,4,Life Sciences,1,Male,3,2,Laboratory Technician,4,Married,5309,1,No,4,10,3,10,8,4,7,15,0,Mid,Medium,Long,Medium
38,773,No,Research & Development,2,5,Medical,4,Male,3,1,Research Scientist,3,Married,3057,6,Yes,2,6,1,1,0,0,1,13,0,Mid,Low,Early,Medium
34,775,No,Research & Development,8,5,Life Sciences,2,Female,3,2,Manufacturing Director,1,Divorced,5121,3,No,3,7,3,0,0,0,0,14,0,Mid,Medium,Early,Medium
52,776,No,Sales,3,4,Marketing,3,Male,2,4,Manager,1,Married,16856,1,No,1,34,4,34,6,1,16,11,0,Senior,High,Long,Low
33,780,Yes,Research & Development,1,4,Other,4,Male,3,1,Research Scientist,4,Single,2686,1,Yes,3,10,2,10,9,7,8,13,1,Mid,Low,Long,Medium
25,781,No,Sales,26,1,Medical,3,Female,3,2,Sales Executive,4,Single,6180,1,No,2,6,2,6,5,1,4,23,0,Young,Medium,Mid,High
45,783,No,Sales,2,2,Technical Degree,2,Male,1,2,Sales Representative,3,Single,6632,0,No,1,9,3,8,7,3,1,13,0,Senior,Medium,Long,Medium
23,784,No,Research & Development,10,1,Medical,1,Male,4,1,Research Scientist,3,Single,3505,1,No,4,2,3,2,2,0,2,18,0,Young,Low,Early,High
47,785,Yes,Sales,27,2,Life Sciences,2,Female,4,2,Sales Executive,3,Single,6397,4,Yes,4,8,3,5,4,1,3,12,1,Senior,Medium,Mid,Low
34,786,No,Sales,2,3,Other,4,Male,3,2,Sales Executive,4,Single,6274,1,No,3,6,3,6,5,1,4,22,0,Mid,Medium,Mid,High
55,787,Yes,Research & Development,2,3,Medical,4,Male,3,5,Manager,1,Married,19859,5,Yes,4,24,3,5,2,1,4,13,1,Senior,High,Mid,Medium
36,789,No,Sales,8,4,Life Sciences,1,Male,2,3,Sales Executive,1,Single,7587,1,No,2,10,3,10,7,0,9,15,0,Mid,Medium,Long,Medium
52,791,No,Research & Development,19,4,Medical,4,Male,3,1,Research Scientist,4,Married,4258,0,No,1,5,3,4,3,1,2,18,0,Senior,Low,Mid,High
26,792,No,Research & Development,1,2,Life Sciences,1,Female,1,1,Laboratory Technician,4,Divorced,4364,3,No,1,5,3,2,2,2,0,14,0,Young,Low,Early,Medium
29,793,No,Research & Development,27,3,Medical,2,Female,3,2,Healthcare Representative,3,Married,4335,4,No,1,11,2,8,7,1,1,12,0,Young,Low,Long,Low
26,796,Yes,Sales,8,3,Technical Degree,4,Male,2,2,Sales Executive,1,Single,5326,6,No,3,6,2,4,3,1,2,17,1,Young,Medium,Mid,Medium
34,797,No,Research & Development,1,4,Life Sciences,2,Female,4,1,Research Scientist,4,Single,3280,2,No,3,10,3,4,2,1,3,16,0,Mid,Low,Mid,Medium
54,799,No,Research & Development,19,4,Medical,4,Female,3,2,Manufacturing Director,1,Divorced,5485,9,Yes,2,9,3,5,3,1,4,11,0,Senior,Medium,Mid,Low
27,800,No,Sales,8,1,Marketing,3,Male,3,2,Sales Executive,4,Married,4342,0,No,2,5,3,4,2,1,1,19,0,Young,Low,Mid,High
37,802,No,Research & Development,10,1,Life Sciences,4,Female,3,1,Research Scientist,1,Divorced,2782,0,Yes,2,6,2,5,3,4,3,13,0,Mid,Low,Mid,Medium
38,803,No,Research & Development,2,4,Life Sciences,1,Female,4,2,Manufacturing Director,1,Single,5980,6,Yes,4,17,3,15,7,4,12,12,0,Mid,Medium,Long,Low
34,804,No,Research & Development,2,4,Medical,3,Female,2,1,Research Scientist,1,Single,4381,1,No,3,6,3,6,5,1,3,11,0,Mid,Low,Mid,Low
35,805,No,Sales,8,4,Life Sciences,1,Female,3,1,Sales Representative,4,Married,2572,1,No,2,3,2,3,2,0,2,16,0,Mid,Low,Mid,Medium
30,806,No,Research & Development,1,3,Life Sciences,4,Male,1,1,Laboratory Technician,3,Married,3833,3,No,3,7,3,2,2,0,2,21,0,Mid,Low,Early,High
40,807,No,Research & Development,2,2,Medical,3,Female,4,2,Healthcare Representative,2,Married,4244,1,No,4,8,3,8,7,3,7,24,0,Mid,Low,Long,High
34,808,No,Sales,8,2,Life Sciences,3,Female,3,2,Sales Executive,1,Married,6500,5,No,2,6,3,3,2,1,2,17,0,Mid,Medium,Mid,Medium
42,809,No,Research & Development,8,3,Life Sciences,2,Male,3,5,Manager,4,Divorced,18430,1,No,2,24,2,24,7,14,9,13,0,Mid,High,Long,Medium
23,811,Yes,Research & Development,6,3,Life Sciences,3,Male,4,1,Laboratory Technician,1,Married,1601,1,Yes,3,1,3,0,0,0,0,21,1,Young,Low,Early,High
24,812,No,Research & Development,9,3,Life Sciences,3,Male,2,1,Laboratory Technician,2,Divorced,2694,1,No,3,1,3,1,0,0,0,11,0,Young,Low,Early,Low
52,813,No,Research & Development,11,4,Life Sciences,4,Female,3,2,Laboratory Technician,3,Married,3149,8,No,2,9,3,5,2,1,4,20,0,Senior,Low,Mid,High
50,815,No,Research & Development,2,3,Medical,3,Male,3,4,Research Director,3,Married,17639,5,No,4,30,3,4,3,0,3,16,0,Senior,High,Mid,Medium
29,816,Yes,Research & Development,1,2,Life Sciences,2,Female,2,1,Laboratory Technician,1,Married,2319,1,Yes,4,1,3,1,0,0,0,11,1,Young,Low,Early,Low
33,817,No,Research & Development,7,3,Medical,3,Male,3,3,Research Director,3,Married,11691,0,No,4,14,4,13,9,3,7,11,0,Mid,High,Long,Low
33,819,Yes,Sales,16,3,Marketing,1,Female,3,2,Sales Executive,1,Single,5324,5,No,3,6,3,3,2,0,2,15,1,Mid,Medium,Mid,Medium
47,820,No,Research & Development,2,2,Other,3,Female,3,4,Manager,4,Married,16752,1,Yes,3,26,2,26,14,3,0,11,0,Senior,High,Long,Low
36,823,No,Research & Development,1,3,Other,3,Female,3,2,Manufacturing Director,2,Married,5228,0,No,1,10,3,9,7,0,5,15,0,Mid,Medium,Long,Medium
29,824,No,Research & Development,23,2,Life Sciences,3,Male,4,1,Research Scientist,3,Married,2700,1,No,3,10,3,10,7,0,7,24,0,Young,Low,Long,High
58,825,Yes,Research & Development,2,4,Life Sciences,4,Male,3,5,Research Director,2,Single,19246,7,Yes,4,40,3,31,15,13,8,12,1,Senior,High,Long,Low
35,826,No,Research & Development,1,4,Life Sciences,4,Female,4,1,Research Scientist,3,Single,2506,3,No,3,7,3,2,2,2,2,13,0,Mid,Low,Early,Medium
42,827,No,Research & Development,1,2,Life Sciences,4,Female,2,2,Manufacturing Director,4,Married,6062,9,Yes,4,8,3,4,3,0,2,13,0,Mid,Medium,Mid,Medium
28,828,Yes,Research & Development,2,4,Medical,3,Male,3,1,Research Scientist,3,Single,4382,6,No,4,5,2,2,2,2,1,17,1,Young,Low,Early,Medium
36,829,No,Human Resources,13,3,Human Resources,3,Male,3,1,Human Resources,2,Married,2143,4,No,2,8,3,5,2,0,4,13,0,Mid,Low,Mid,Medium
32,830,No,Research & Development,4,3,Life Sciences,3,Female,2,2,Manufacturing Director,3,Married,6162,1,No,3,14,3,14,13,6,8,12,0,Mid,Medium,Long,Low
40,832,No,Research & Development,16,4,Medical,1,Male,2,2,Laboratory Technician,3,Single,5094,6,No,4,10,3,1,0,0,0,14,0,Mid,Medium,Early,Medium
30,833,No,Research & Development,2,3,Medical,3,Female,2,2,Manufacturing Director,4,Single,6877,5,Yes,2,12,2,0,0,0,0,24,0,Mid,Medium,Early,High
45,834,No,Research & Development,2,3,Life Sciences,2,Female,2,1,Research Scientist,3,Single,2274,1,No,4,1,3,1,0,0,0,14,0,Senior,Low,Early,Medium
42,836,No,Research & Development,29,3,Life Sciences,2,Male,3,2,Manufacturing Director,2,Married,4434,1,No,4,10,2,9,8,7,8,13,0,Mid,Low,Long,Medium
38,837,No,Research & Development,12,3,Life Sciences,1,Male,2,2,Healthcare Representative,1,Divorced,6288,2,No,3,13,2,4,3,1,2,15,0,Mid,Medium,Mid,Medium
34,838,No,Research & Development,16,4,Life Sciences,3,Female,2,1,Research Scientist,4,Single,2553,1,No,3,6,3,5,2,1,3,16,0,Mid,Low,Mid,Medium
49,840,Yes,Sales,11,3,Marketing,3,Female,3,3,Sales Executive,4,Married,7654,1,No,1,9,4,9,8,7,7,18,1,Senior,Medium,Long,High
55,842,Yes,Sales,2,1,Medical,3,Male,3,2,Sales Executive,4,Single,5160,4,No,3,12,2,9,7,7,3,16,1,Senior,Medium,Long,Medium
43,843,No,Research & Development,14,2,Life Sciences,2,Male,3,4,Research Director,1,Married,17159,6,No,3,22,3,4,1,1,0,24,0,Mid,High,Mid,High
27,844,No,Research & Development,5,1,Technical Degree,3,Male,2,3,Research Director,4,Divorced,12808,1,Yes,2,9,3,9,8,0,8,16,0,Young,High,Long,Medium
35,845,No,Research & Development,7,3,Other,3,Male,3,3,Manufacturing Director,3,Single,10221,3,No,2,17,4,8,5,1,6,21,0,Mid,High,Long,High
28,846,No,Sales,2,4,Marketing,2,Female,3,2,Sales Executive,2,Married,4779,1,Yes,1,8,3,8,7,7,5,20,0,Young,Low,Long,High
34,847,No,Human Resources,3,2,Human Resources,3,Male,3,1,Human Resources,4,Married,3737,0,No,3,4,1,3,2,0,2,19,0,Mid,Low,Mid,High
26,848,Yes,Research & Development,5,2,Medical,3,Female,2,1,Research Scientist,3,Married,2366,1,Yes,1,8,3,8,7,1,7,14,1,Young,Low,Long,Medium
27,850,No,Research & Development,3,3,Medical,4,Male,3,1,Research Scientist,4,Married,1706,1,No,3,0,2,0,0,0,0,11,0,Young,Low,Early,Low
51,851,No,Sales,26,4,Marketing,1,Female,3,4,Manager,3,Married,16307,2,No,3,29,2,20,6,4,17,14,0,Senior,High,Long,Medium
44,852,No,Research & Development,4,3,Medical,4,Male,3,2,Healthcare Representative,2,Single,5933,9,No,4,10,2,5,2,2,3,12,0,Mid,Medium,Mid,Low
25,854,No,Research & Development,2,1,Medical,1,Male,4,1,Research Scientist,1,Single,3424,7,No,3,6,2,4,3,0,1,13,0,Young,Low,Mid,Medium
33,855,No,Sales,1,3,Medical,1,Male,4,2,Sales Executive,1,Divorced,4037,1,No,1,9,3,9,8,0,8,22,0,Mid,Low,Long,High
35,856,No,Research & Development,27,1,Medical,3,Female,2,1,Research Scientist,1,Single,2559,1,No,4,6,2,6,5,1,1,11,0,Mid,Low,Mid,Low
36,857,No,Sales,1,2,Life Sciences,2,Male,3,2,Sales Executive,4,Married,6201,1,Yes,4,18,2,18,14,4,11,14,0,Mid,Medium,Long,Medium
32,859,No,Sales,13,4,Life Sciences,2,Male,3,2,Sales Executive,4,Divorced,4403,2,No,3,8,2,5,2,0,3,11,0,Mid,Low,Mid,Low
30,861,No,Research & Development,5,4,Life Sciences,2,Male,2,1,Research Scientist,4,Divorced,3761,9,No,2,10,2,5,4,0,3,12,0,Mid,Low,Mid,Low
53,862,No,Sales,7,2,Marketing,1,Female,2,3,Sales Executive,4,Married,10934,7,Yes,4,35,3,5,2,0,4,18,0,Senior,High,Mid,High
45,864,No,Sales,9,3,Marketing,4,Male,3,3,Sales Executive,1,Divorced,10761,4,Yes,3,18,3,5,4,0,2,12,0,Senior,High,Mid,Low
32,865,No,Research & Development,8,2,Medical,3,Female,4,2,Research Scientist,3,Married,5175,5,No,3,9,2,5,3,1,3,12,0,Mid,Medium,Mid,Low
52,867,No,Research & Development,25,4,Medical,3,Female,2,4,Manufacturing Director,4,Married,13826,3,No,3,31,3,9,8,0,0,22,0,Senior,High,Long,High
37,868,No,Sales,16,4,Marketing,4,Male,2,2,Sales Executive,3,Divorced,6334,4,No,4,9,3,1,0,0,0,19,0,Mid,Medium,Early,High
28,869,No,Human Resources,8,2,Medical,2,Male,2,1,Human Resources,4,Divorced,4936,1,No,4,6,3,5,1,0,4,13,0,Young,Low,Mid,Medium
22,872,No,Research & Development,1,2,Life Sciences,4,Male,2,2,Manufacturing Director,4,Married,4775,6,No,1,4,1,2,2,2,2,22,0,Young,Low,Early,High
44,874,No,Research & Development,8,4,Life Sciences,1,Male,4,1,Laboratory Technician,4,Married,2818,2,Yes,3,10,2,3,2,0,2,24,0,Mid,Low,Mid,High
42,875,No,Research & Development,2,1,Medical,2,Male,3,1,Research Scientist,4,Single,2515,5,Yes,4,8,3,2,1,2,2,14,0,Mid,Low,Early,Medium
36,878,No,Human Resources,8,3,Life Sciences,1,Male,2,1,Human Resources,1,Married,2342,0,No,3,6,3,5,4,0,3,21,0,Mid,Low,Mid,High
25,879,No,Sales,3,1,Other,3,Male,3,2,Sales Executive,1,Married,4194,1,Yes,4,5,3,5,3,0,3,18,0,Young,Low,Mid,High
35,880,No,Research & Development,9,3,Life Sciences,4,Female,2,3,Manufacturing Director,3,Married,10685,1,Yes,2,17,3,17,14,5,15,20,0,Mid,High,Long,High
35,881,Yes,Research & Development,25,4,Life Sciences,4,Female,3,1,Research Scientist,2,Divorced,2022,1,Yes,1,10,2,10,2,7,8,19,1,Mid,Low,Long,High
32,882,No,Research & Development,1,3,Life Sciences,4,Male,3,1,Laboratory Technician,4,Divorced,2314,0,No,2,4,3,3,0,0,2,12,0,Mid,Low,Mid,Low
25,885,No,Sales,4,1,Marketing,3,Male,2,2,Sales Executive,1,Married,4256,1,No,1,5,4,5,2,0,3,12,0,Young,Low,Mid,Low
49,887,No,Research & Development,1,3,Technical Degree,3,Female,3,1,Research Scientist,1,Married,3580,2,No,2,7,3,4,2,0,2,16,0,Senior,Low,Mid,Medium
24,888,No,Research & Development,4,1,Life Sciences,1,Male,2,1,Laboratory Technician,4,Married,3162,0,No,4,6,2,5,2,3,4,17,0,Young,Low,Mid,Medium
32,889,No,Sales,5,2,Life Sciences,2,Male,3,2,Sales Executive,2,Married,6524,1,No,4,10,3,10,8,5,3,14,0,Mid,Medium,Long,Medium
38,893,No,Sales,9,3,Marketing,2,Male,2,1,Sales Representative,2,Married,2899,0,No,4,3,3,2,2,1,2,19,0,Mid,Low,Early,High
42,894,No,Research & Development,3,3,Life Sciences,3,Female,4,2,Laboratory Technician,4,Married,5231,2,Yes,2,17,2,5,3,1,3,13,0,Mid,Medium,Mid,Medium
31,895,No,Research & Development,11,4,Life Sciences,4,Male,3,1,Research Scientist,4,Married,2356,3,Yes,2,8,3,6,4,0,2,19,0,Mid,Low,Mid,High
29,896,Yes,Sales,1,3,Medical,2,Female,2,1,Sales Representative,3,Divorced,2800,6,Yes,3,5,3,3,2,0,2,19,1,Young,Low,Mid,High
53,897,No,Sales,8,3,Marketing,1,Male,3,4,Sales Executive,4,Married,11836,5,No,3,28,3,2,0,2,2,14,0,Senior,High,Early,Medium
35,899,No,Research & Development,25,3,Technical Degree,4,Male,2,3,Manufacturing Director,2,Married,10903,3,No,1,16,3,13,10,4,8,16,0,Mid,High,Long,Medium
37,900,No,Sales,21,2,Medical,3,Female,3,1,Sales Representative,4,Married,2973,5,No,2,10,3,5,4,0,0,15,0,Mid,Low,Mid,Medium
53,901,No,Research & Development,23,4,Life Sciences,4,Female,3,4,Research Director,4,Single,14275,6,No,3,33,3,12,9,3,8,18,0,Senior,High,Long,High
43,902,No,Research & Development,1,3,Life Sciences,4,Female,3,2,Healthcare Representative,4,Married,5562,4,No,2,12,2,5,2,2,2,13,0,Mid,Medium,Mid,Medium
47,903,No,Sales,2,2,Marketing,3,Female,3,2,Sales Executive,4,Married,4537,0,Yes,1,8,3,7,6,7,7,22,0,Senior,Low,Long,High
37,904,No,Sales,19,2,Medical,1,Male,3,3,Sales Executive,2,Single,7642,1,Yes,4,10,3,10,0,0,9,13,0,Mid,Medium,Long,Medium
50,905,No,Research & Development,2,4,Life Sciences,1,Male,3,4,Manager,1,Divorced,17924,1,No,4,31,3,31,6,14,7,11,0,Senior,High,Long,Low
39,909,No,Human Resources,2,3,Life Sciences,4,Female,2,2,Human Resources,4,Married,5204,8,No,3,13,3,5,4,0,4,11,0,Mid,Medium,Mid,Low
33,910,No,Human Resources,3,2,Human Resources,4,Male,3,1,Human Resources,2,Divorced,2277,3,Yes,3,7,4,4,3,0,3,11,0,Mid,Low,Mid,Low
32,911,Yes,Research & Development,25,4,Life Sciences,1,Male,3,1,Laboratory Technician,4,Single,2795,1,Yes,3,1,1,1,0,0,1,24,1,Mid,Low,Early,High
29,912,No,Research & Development,7,1,Medical,1,Female,2,1,Laboratory Technician,4,Divorced,2532,6,No,3,8,3,4,3,0,3,14,0,Young,Low,Mid,Medium
44,913,No,Research & Development,9,2,Life Sciences,2,Male,3,1,Research Scientist,1,Married,2559,1,Yes,4,8,3,8,7,7,1,13,0,Mid,Low,Long,Medium
28,916,No,Sales,5,4,Medical,1,Male,3,2,Sales Executive,4,Single,4908,1,No,2,4,3,4,2,0,2,14,0,Young,Low,Mid,Medium
58,918,Yes,Research & Development,2,1,Life Sciences,4,Male,2,1,Laboratory Technician,4,Divorced,2380,9,Yes,4,3,2,1,0,0,0,14,1,Senior,Low,Early,Medium
43,920,No,Research & Development,8,3,Life Sciences,1,Female,3,2,Manufacturing Director,2,Divorced,4765,4,No,3,4,4,1,0,0,0,21,0,Mid,Low,Early,High
20,922,Yes,Sales,2,3,Medical,3,Female,2,1,Sales Representative,3,Single,2044,1,No,4,2,2,2,2,0,2,13,1,Young,Low,Early,Medium
21,923,Yes,Research & Development,18,1,Other,4,Female,3,1,Research Scientist,4,Single,2693,1,No,1,1,2,1,0,0,0,19,1,Young,Low,Early,High
36,924,No,Research & Development,14,1,Life Sciences,3,Male,3,2,Healthcare Representative,4,Married,6586,0,Yes,1,17,2,16,8,4,11,17,0,Mid,Medium,Long,Medium
47,925,No,Sales,2,4,Life Sciences,4,Female,2,1,Sales Representative,4,Single,3294,1,Yes,1,3,2,3,2,1,2,18,0,Senior,Low,Mid,High
22,926,Yes,Research & Development,3,1,Life Sciences,2,Female,3,2,Manufacturing Director,3,Married,4171,0,Yes,1,4,4,3,2,0,2,19,1,Young,Low,Mid,High
41,927,Yes,Research & Development,2,4,Life Sciences,2,Female,1,1,Laboratory Technician,4,Divorced,2778,4,Yes,3,10,2,7,7,1,0,13,1,Mid,Low,Long,Medium
28,930,No,Research & Development,9,3,Medical,3,Female,3,1,Research Scientist,3,Divorced,2377,5,No,2,6,3,2,2,2,2,18,0,Young,Low,Early,High
39,932,Yes,Research & Development,6,3,Medical,4,Male,3,1,Laboratory Technician,1,Married,2404,7,Yes,4,8,1,2,2,2,2,21,1,Mid,Low,Early,High
27,933,No,Research & Development,4,3,Life Sciences,2,Female,3,1,Research Scientist,3,Single,2318,1,No,3,1,3,1,1,0,0,19,0,Young,Low,Early,High
34,934,No,Research & Development,10,3,Life Sciences,2,Male,3,1,Laboratory Technician,2,Divorced,2008,1,No,2,1,3,1,0,1,0,14,0,Mid,Low,Early,Medium
42,936,No,Sales,14,2,Medical,3,Female,2,2,Sales Executive,3,Single,6244,7,No,1,10,3,5,4,0,3,17,0,Mid,Medium,Mid,Medium
33,939,No,Research & Development,1,4,Other,3,Male,2,1,Research Scientist,1,Single,2799,3,Yes,2,6,3,3,2,0,2,11,0,Mid,Low,Mid,Low
58,940,No,Research & Development,5,3,Technical Degree,3,Female,2,3,Healthcare Representative,2,Divorced,10552,2,Yes,4,24,3,6,0,0,4,13,0,Senior,High,Mid,Medium
31,941,No,Sales,7,4,Life Sciences,2,Male,2,1,Sales Representative,3,Married,2329,3,No,2,13,4,7,7,5,2,15,0,Mid,Low,Long,Medium
35,942,No,Research & Development,21,1,Life Sciences,4,Female,3,2,Healthcare Representative,4,Married,4014,1,Yes,4,10,1,10,6,0,7,25,0,Mid,Low,Long,High
49,944,No,Research & Development,8,2,Other,1,Female,3,3,Laboratory Technician,2,Married,7403,4,No,3,29,2,26,9,1,7,11,0,Senior,Medium,Long,Low
48,945,No,Research & Development,20,4,Medical,4,Male,3,1,Research Scientist,3,Married,2259,4,No,1,13,2,0,0,0,0,17,0,Senior,Low,Early,Medium
31,947,No,Sales,20,2,Marketing,4,Female,3,2,Sales Executive,3,Married,6932,1,No,4,9,2,9,8,0,0,13,0,Mid,Medium,Long,Medium
36,949,No,Research & Development,7,4,Other,2,Male,3,1,Research Scientist,4,Single,4678,2,No,3,8,3,6,2,0,1,18,0,Mid,Low,Mid,High
38,950,No,Research & Development,1,3,Technical Degree,4,Female,3,3,Research Director,1,Married,13582,1,No,2,15,3,15,12,5,11,13,0,Mid,High,Long,Medium
32,951,No,Research & Development,1,3,Life Sciences,3,Female,2,1,Laboratory Technician,2,Married,2332,6,No,3,5,3,3,0,0,2,20,0,Mid,Low,Mid,High
25,952,Yes,Sales,19,2,Marketing,3,Male,2,1,Sales Representative,2,Married,2413,1,Yes,3,1,3,1,0,0,0,18,1,Young,Low,Early,High
40,954,No,Sales,10,4,Marketing,1,Male,2,3,Sales Executive,2,Divorced,9705,2,No,2,11,2,1,0,0,0,12,0,Mid,Medium,Early,Low
26,956,No,Sales,1,3,Medical,3,Male,2,2,Sales Executive,1,Single,4294,1,No,2,7,3,7,7,0,7,12,0,Young,Low,Long,Low
41,957,No,Research & Development,6,3,Medical,4,Male,3,1,Laboratory Technician,1,Single,4721,2,Yes,3,20,3,18,13,2,17,13,0,Mid,Low,Long,Medium
36,958,No,Research & Development,2,4,Medical,3,Male,3,1,Laboratory Technician,3,Single,2519,4,No,3,16,3,11,8,3,9,21,0,Mid,Low,Long,High
19,959,Yes,Sales,21,3,Other,4,Male,2,1,Sales Representative,2,Single,2121,1,Yes,2,1,4,1,0,0,0,13,1,Young,Low,Early,Medium
20,960,Yes,Research & Development,4,3,Technical Degree,1,Male,3,1,Laboratory Technician,1,Single,2973,1,No,2,1,3,1,0,0,0,19,1,Young,Low,Early,High
31,961,No,Research & Development,12,3,Medical,4,Female,3,2,Healthcare Representative,4,Married,5855,0,Yes,3,10,1,9,7,8,5,11,0,Mid,Medium,Long,Low
40,964,No,Research & Development,9,4,Medical,4,Male,3,1,Research Scientist,2,Divorced,3617,8,Yes,4,3,3,1,1,0,0,14,0,Mid,Low,Early,Medium
32,966,No,Research & Development,3,4,Medical,3,Female,3,2,Manufacturing Director,1,Married,6725,1,No,3,8,4,8,7,6,3,12,0,Mid,Medium,Long,Low
36,967,Yes,Sales,3,1,Life Sciences,3,Male,2,3,Sales Executive,4,Married,10325,1,Yes,1,16,3,16,7,3,7,11,1,Mid,High,Long,Low
33,969,No,Research & Development,1,3,Life Sciences,2,Female,2,2,Healthcare Representative,4,Single,6949,0,No,1,6,3,5,0,1,4,14,0,Mid,Medium,Mid,Medium
37,970,Yes,Sales,1,4,Life Sciences,1,Male,2,3,Sales Executive,3,Married,10609,5,No,3,17,1,14,1,11,7,11,1,Mid,High,Long,Low
45,972,No,Research & Development,4,2,Life Sciences,3,Male,3,2,Laboratory Technician,2,Married,4447,1,No,2,9,2,9,7,0,8,12,0,Senior,Low,Long,Low
29,974,No,Sales,20,3,Technical Degree,3,Female,3,1,Sales Representative,4,Married,2157,1,No,2,3,3,3,1,0,2,15,0,Young,Low,Mid,Medium
35,975,No,Sales,18,3,Medical,3,Female,3,2,Sales Executive,3,Married,4601,1,No,2,5,3,5,2,1,0,16,0,Mid,Low,Mid,Medium
52,976,No,Research & Development,1,2,Life Sciences,4,Male,3,4,Manager,4,Married,17099,2,No,2,26,2,9,8,7,8,15,0,Senior,High,Long,Medium
58,977,Yes,Research & Development,2,3,Technical Degree,4,Male,3,1,Research Scientist,3,Single,2479,4,No,1,7,3,1,0,0,0,24,1,Senior,Low,Early,High
53,981,No,Sales,2,2,Medical,3,Male,3,4,Manager,3,Divorced,14852,6,No,3,22,4,17,13,15,2,13,0,Senior,High,Long,Medium
30,982,No,Sales,8,2,Other,3,Male,3,3,Sales Executive,3,Divorced,7264,5,No,1,10,4,8,4,7,7,11,0,Mid,Medium,Long,Low
38,983,No,Sales,10,3,Technical Degree,3,Female,3,2,Sales Executive,4,Single,5666,1,Yes,2,6,3,5,3,1,3,13,0,Mid,Medium,Mid,Medium
35,984,No,Sales,3,4,Life Sciences,4,Male,3,3,Sales Executive,4,Divorced,7823,6,No,2,12,3,10,9,0,8,13,0,Mid,Medium,Long,Medium
39,985,No,Sales,2,5,Life Sciences,1,Male,4,3,Sales Executive,3,Single,7880,0,No,4,9,3,8,7,0,7,18,0,Mid,Medium,Long,High
40,986,Yes,Sales,24,3,Life Sciences,2,Female,4,4,Sales Executive,2,Single,13194,4,Yes,4,22,2,1,0,0,0,16,1,Mid,High,Early,Medium
47,987,No,Research & Development,16,4,Medical,3,Male,4,2,Manufacturing Director,3,Divorced,5067,1,Yes,3,20,4,19,10,2,7,19,0,Senior,Medium,Long,High
36,990,No,Sales,8,4,Technical Degree,1,Male,3,2,Sales Executive,4,Divorced,5079,4,No,4,12,3,7,7,0,7,13,0,Mid,Medium,Long,Medium
31,991,Yes,Research & Development,9,2,Medical,3,Male,2,1,Research Scientist,1,Single,2321,0,Yes,1,4,3,3,2,1,2,22,1,Mid,Low,Mid,High
33,992,No,Sales,17,3,Life Sciences,4,Male,3,4,Manager,3,Single,17444,1,No,4,10,3,10,8,6,0,11,0,Mid,High,Long,Low
29,994,Yes,Research & Development,10,3,Life Sciences,4,Female,2,1,Research Scientist,1,Single,2404,6,Yes,3,3,3,0,0,0,0,20,1,Young,Low,Early,High
33,995,No,Research & Development,13,1,Life Sciences,2,Female,3,1,Research Scientist,4,Single,3452,3,No,1,5,3,3,2,0,2,18,0,Mid,Low,Mid,High
45,996,No,Research & Development,1,4,Medical,4,Female,3,1,Laboratory Technician,4,Divorced,2270,3,No,4,8,3,5,3,0,2,14,0,Senior,Low,Mid,Medium
50,997,No,Research & Development,1,2,Medical,4,Male,3,4,Research Director,4,Divorced,17399,9,No,3,32,2,5,4,1,3,22,0,Senior,High,Mid,High
33,998,No,Research & Development,1,4,Other,3,Female,4,2,Healthcare Representative,2,Married,5488,1,Yes,1,6,3,6,5,1,2,13,0,Mid,Medium,Mid,Medium
41,999,No,Research & Development,9,3,Medical,1,Male,3,5,Research Director,3,Divorced,19419,2,No,2,21,4,18,16,0,11,17,0,Mid,High,Long,Medium
27,1001,No,Research & Development,16,4,Technical Degree,3,Female,3,1,Laboratory Technician,2,Married,2811,9,No,2,4,3,2,2,2,2,14,0,Young,Low,Early,Medium
45,1002,No,Research & Development,23,2,Life Sciences,4,Male,3,2,Laboratory Technician,1,Married,3633,1,Yes,3,9,3,9,8,0,8,15,0,Senior,Low,Long,Medium
47,1003,No,Sales,4,2,Life Sciences,4,Female,3,2,Sales Executive,4,Single,4163,1,Yes,3,9,3,9,0,0,7,17,0,Senior,Low,Long,Medium
30,1004,Yes,Research & Development,22,3,Life Sciences,1,Female,3,1,Research Scientist,3,Married,2132,4,Yes,2,7,3,5,2,0,1,11,1,Mid,Low,Mid,Low
50,1005,No,Research & Development,24,3,Life Sciences,4,Male,3,4,Manufacturing Director,3,Married,13973,3,Yes,4,22,3,12,11,1,5,18,0,Senior,High,Long,High
38,1006,No,Research & Development,10,1,Medical,3,Male,3,1,Research Scientist,3,Married,2684,0,No,2,3,2,2,1,0,2,17,0,Mid,Low,Early,Medium
46,1007,No,Research & Development,7,2,Medical,4,Male,3,3,Manufacturing Director,3,Divorced,10845,6,No,2,13,3,8,7,0,7,13,0,Senior,High,Long,Medium
24,1009,No,Research & Development,17,1,Medical,4,Female,2,2,Manufacturing Director,3,Divorced,4377,1,No,2,5,3,4,2,3,2,15,0,Young,Low,Mid,Medium
35,1010,Yes,Research & Development,14,4,Other,3,Male,2,1,Laboratory Technician,2,Divorced,3743,1,Yes,4,5,1,4,2,0,2,24,1,Mid,Low,Mid,High
31,1011,No,Research & Development,1,1,Life Sciences,3,Female,3,2,Manufacturing Director,1,Married,4148,1,No,3,4,3,4,3,0,3,12,0,Mid,Low,Mid,Low
18,1012,No,Research & Development,5,2,Life Sciences,2,Male,3,1,Research Scientist,4,Single,1051,1,No,4,0,3,0,0,0,0,15,0,Young,Low,Early,Medium
54,1013,No,Research & Development,17,3,Technical Degree,3,Female,3,3,Manufacturing Director,3,Married,10739,8,No,3,22,3,10,7,0,8,11,0,Senior,High,Long,Low
35,1014,No,Research & Development,25,4,Medical,3,Female,3,3,Healthcare Representative,3,Divorced,10388,1,Yes,3,16,2,16,10,10,1,11,0,Mid,High,Long,Low
30,1015,No,Research & Development,8,2,Life Sciences,2,Female,4,3,Research Director,1,Married,11416,0,Yes,3,9,2,8,7,1,7,12,0,Mid,High,Long,Low
20,1016,Yes,Research & Development,11,3,Medical,4,Female,2,1,Research Scientist,1,Single,2600,1,Yes,1,1,3,1,0,0,0,15,1,Young,Low,Early,Medium
30,1017,Yes,Research & Development,5,3,Medical,2,Female,3,1,Laboratory Technician,2,Single,2422,0,No,1,4,3,3,2,1,2,17,1,Mid,Low,Mid,Medium
26,1018,No,Research & Development,2,2,Medical,4,Male,4,2,Manufacturing Director,4,Married,5472,1,No,2,8,3,8,7,1,3,12,0,Young,Medium,Long,Low
22,1019,No,Research & Development,8,1,Life Sciences,2,Male,1,1,Laboratory Technician,1,Married,2451,1,No,1,4,2,4,3,1,1,15,0,Young,Low,Mid,Medium
48,1022,No,Research & Development,6,3,Life Sciences,1,Male,2,2,Healthcare Representative,3,Single,4240,2,No,4,19,3,2,2,2,2,13,0,Senior,Low,Early,Medium
48,1024,No,Research & Development,4,4,Life Sciences,3,Male,2,3,Healthcare Representative,3,Single,10999,7,No,2,27,3,15,11,4,8,14,0,Senior,High,Long,Medium
41,1025,No,Research & Development,7,2,Medical,4,Female,3,2,Manufacturing Director,3,Single,5003,6,No,2,8,3,2,2,2,1,14,0,Mid,Medium,Early,Medium
39,1026,No,Research & Development,1,1,Life Sciences,4,Female,2,4,Manufacturing Director,4,Married,12742,1,No,3,21,3,21,6,11,8,16,0,Mid,High,Long,Medium
27,1027,No,Research & Development,2,4,Life Sciences,1,Female,3,2,Manufacturing Director,4,Married,4227,0,No,2,4,3,3,2,2,2,18,0,Young,Low,Mid,High
35,1028,No,Research & Development,10,3,Other,2,Male,3,1,Laboratory Technician,4,Divorced,3917,1,No,1,3,2,3,2,1,2,20,0,Mid,Low,Mid,High
42,1029,No,Sales,5,2,Marketing,4,Male,3,5,Manager,3,Married,18303,6,No,2,21,4,1,0,0,0,13,0,Mid,High,Early,Medium
50,1030,No,Research & Development,9,3,Life Sciences,1,Male,3,1,Laboratory Technician,4,Married,2380,4,No,2,8,3,1,0,0,0,18,0,Senior,Low,Early,High
59,1032,No,Research & Development,2,3,Life Sciences,3,Female,2,4,Manufacturing Director,4,Single,13726,3,Yes,1,30,3,5,3,4,3,13,0,Senior,High,Mid,Medium
37,1033,Yes,Research & Development,11,2,Medical,1,Female,1,2,Healthcare Representative,2,Married,4777,5,No,1,15,1,1,0,0,0,15,1,Mid,Low,Early,Medium
55,1034,No,Research & Development,18,4,Medical,3,Male,3,2,Healthcare Representative,2,Married,6385,3,Yes,4,17,3,8,7,6,7,14,0,Senior,Medium,Long,Medium
41,1035,No,Research & Development,7,1,Life Sciences,2,Female,1,5,Research Director,3,Divorced,19973,1,No,2,21,3,21,16,5,10,22,0,Mid,High,Long,High
38,1036,No,Sales,3,4,Life Sciences,2,Male,3,2,Sales Executive,4,Single,6861,8,Yes,3,19,3,1,0,0,0,12,0,Mid,Medium,Early,Low
26,1037,Yes,Sales,29,2,Medical,2,Male,1,2,Sales Executive,1,Single,4969,8,No,4,7,3,2,2,2,2,18,1,Young,Low,Early,High
52,1038,Yes,Sales,2,1,Marketing,1,Female,1,5,Manager,4,Married,19845,1,No,4,33,3,32,14,6,9,15,1,Senior,High,Long,Medium
44,1039,No,Sales,28,3,Medical,4,Female,4,4,Sales Executive,4,Married,13320,3,Yes,3,23,3,12,11,11,11,18,0,Mid,High,Long,High
50,1040,No,Sales,1,3,Life Sciences,4,Female,3,2,Sales Executive,3,Married,6347,0,No,1,19,3,18,7,0,13,12,0,Senior,Medium,Long,Low
36,1042,Yes,Research & Development,16,4,Life Sciences,3,Female,4,1,Laboratory Technician,1,Single,2743,1,No,3,18,3,17,13,15,14,16,1,Mid,Low,Long,Medium
39,1043,No,Research & Development,22,3,Medical,4,Female,3,3,Manufacturing Director,1,Single,10880,1,Yes,3,21,3,21,6,2,8,13,0,Mid,High,Long,Medium
33,1044,No,Sales,8,1,Life Sciences,2,Female,2,1,Sales Representative,4,Single,2342,0,No,4,3,2,2,2,2,2,19,0,Mid,Low,Early,High
45,1045,No,Sales,11,2,Life Sciences,4,Female,3,4,Manager,4,Married,17650,3,No,2,26,4,9,3,1,1,13,0,Senior,High,Long,Medium
32,1046,No,Research & Development,29,4,Medical,4,Female,3,1,Laboratory Technician,3,Single,4025,9,No,2,10,3,8,7,7,7,12,0,Mid,Low,Long,Low
34,1047,No,Sales,1,4,Marketing,2,Male,4,2,Sales Executive,4,Divorced,9725,0,No,4,16,2,15,1,0,9,11,0,Mid,Medium,Long,Low
59,1048,No,Sales,1,2,Technical Degree,2,Male,3,3,Manager,4,Married,11904,3,Yes,3,14,1,6,4,0,4,14,0,Senior,High,Mid,Medium
45,1049,No,Human Resources,24,4,Medical,2,Male,3,1,Human Resources,2,Single,2177,1,No,1,6,3,6,3,0,4,16,0,Senior,Low,Mid,Medium
53,1050,No,Sales,2,3,Marketing,3,Female,2,3,Sales Executive,2,Married,7525,2,No,1,30,3,15,7,6,12,12,0,Senior,Medium,Long,Low
36,1052,Yes,Research & Development,15,3,Other,1,Male,3,2,Laboratory Technician,3,Divorced,4834,7,No,2,9,2,1,0,0,0,14,1,Mid,Low,Early,Medium
26,1053,Yes,Research & Development,2,3,Life Sciences,1,Male,3,1,Research Scientist,1,Married,2042,6,Yes,2,6,3,3,2,1,2,14,1,Young,Low,Mid,Medium
34,1055,No,Sales,10,4,Life Sciences,3,Female,3,1,Sales Representative,3,Married,2220,1,Yes,4,1,3,1,1,0,0,19,0,Mid,Low,Early,High
28,1056,No,Sales,10,1,Medical,4,Male,3,1,Sales Representative,2,Married,1052,1,No,2,1,3,1,0,0,0,22,0,Young,Low,Early,High
38,1060,No,Research & Development,3,4,Other,3,Male,3,1,Research Scientist,3,Married,2821,3,No,1,8,3,2,2,2,2,16,0,Mid,Low,Early,Medium
50,1061,No,Research & Development,2,4,Medical,2,Male,3,5,Research Director,3,Married,19237,2,Yes,4,29,2,8,1,7,7,11,0,Senior,High,Long,Low
37,1062,No,Research & Development,3,3,Other,4,Female,3,2,Healthcare Representative,2,Single,4107,3,No,1,8,2,4,3,0,1,15,0,Mid,Low,Mid,Medium
40,1066,No,Sales,26,3,Marketing,3,Male,3,2,Sales Executive,1,Married,8396,1,No,2,8,2,7,7,7,5,14,0,Mid,Medium,Long,Medium
26,1068,No,Research & Development,1,1,Medical,1,Female,2,1,Research Scientist,3,Divorced,2007,1,No,3,5,3,5,3,1,3,13,0,Young,Low,Mid,Medium
46,1069,No,Research & Development,1,4,Medical,4,Male,3,5,Research Director,4,Divorced,19627,9,No,4,23,3,2,2,2,2,17,0,Senior,High,Early,Medium
54,1070,No,Sales,2,4,Life Sciences,3,Female,2,3,Sales Executive,3,Married,10686,6,No,2,13,3,9,4,7,0,11,0,Senior,High,Long,Low
56,1071,No,Research & Development,9,3,Medical,1,Female,3,1,Research Scientist,3,Married,2942,2,No,2,18,3,5,4,0,3,19,0,Senior,Low,Mid,High
36,1073,No,Research & Development,12,5,Medical,4,Female,2,3,Manufacturing Director,4,Single,8858,0,No,2,15,2,14,8,7,8,11,0,Mid,Medium,Long,Low
55,1074,No,Research & Development,2,1,Medical,3,Male,2,4,Manager,1,Single,16756,7,No,2,31,4,9,7,6,2,15,0,Senior,High,Long,Medium
43,1076,No,Sales,25,3,Medical,3,Male,2,3,Sales Executive,4,Divorced,10798,5,No,3,18,3,1,0,0,0,13,0,Mid,High,Early,Medium
20,1077,Yes,Sales,9,3,Marketing,4,Female,3,1,Sales Representative,4,Single,2323,1,Yes,2,2,3,2,2,0,2,14,1,Young,Low,Early,Medium
21,1079,Yes,Research & Development,10,3,Life Sciences,3,Female,2,1,Laboratory Technician,1,Single,1416,1,No,1,1,2,1,0,1,0,13,1,Young,Low,Early,Medium
46,1080,No,Research & Development,8,4,Life Sciences,4,Female,2,2,Research Scientist,1,Divorced,4615,8,Yes,1,19,3,16,13,1,7,23,0,Senior,Low,Long,High
51,1081,Yes,Research & Development,4,4,Life Sciences,1,Male,3,1,Research Scientist,3,Married,2461,9,Yes,3,18,4,10,0,2,7,12,1,Senior,Low,Long,Low
28,1082,Yes,Research & Development,24,2,Technical Degree,2,Male,2,3,Healthcare Representative,1,Single,8722,1,No,1,10,2,10,7,1,9,12,1,Young,Medium,Long,Low
26,1083,No,Research & Development,1,2,Medical,1,Male,2,1,Laboratory Technician,1,Married,3955,1,No,1,6,3,5,3,1,3,16,0,Young,Low,Mid,Medium
30,1084,No,Research & Development,20,3,Other,3,Male,3,2,Manufacturing Director,1,Married,9957,0,No,3,7,2,6,2,0,2,15,0,Mid,Medium,Mid,Medium
41,1085,No,Research & Development,7,2,Technical Degree,2,Female,4,1,Research Scientist,3,Married,3376,1,No,3,10,3,10,6,0,8,13,0,Mid,Low,Long,Medium
38,1088,No,Research & Development,17,1,Life Sciences,3,Female,2,3,Healthcare Representative,3,Married,8823,0,No,1,20,2,19,9,1,9,18,0,Mid,Medium,Long,High
40,1092,No,Research & Development,20,4,Technical Degree,1,Male,3,3,Healthcare Representative,4,Married,10322,4,No,4,14,3,11,10,11,1,20,0,Mid,High,Long,High
27,1094,No,Research & Development,8,5,Life Sciences,1,Male,1,1,Laboratory Technician,3,Married,4621,1,No,4,3,3,3,2,1,2,19,0,Young,Low,Mid,High
55,1096,No,Research & Development,2,1,Life Sciences,4,Male,3,3,Manufacturing Director,2,Married,10976,3,No,2,23,3,3,2,1,2,18,0,Senior,High,Mid,High
28,1097,No,Research & Development,10,3,Other,3,Female,3,2,Research Scientist,3,Single,3660,3,No,4,10,4,8,7,1,7,13,0,Young,Low,Long,Medium
44,1098,Yes,Human Resources,1,2,Medical,2,Male,2,3,Human Resources,1,Married,10482,9,No,4,24,3,20,6,3,6,14,1,Mid,High,Long,Medium
33,1099,No,Research & Development,5,3,Life Sciences,4,Male,2,3,Healthcare Representative,4,Divorced,7119,4,No,3,9,3,3,2,1,2,15,0,Mid,Medium,Mid,Medium
35,1100,Yes,Sales,4,3,Technical Degree,4,Male,3,3,Sales Executive,1,Single,9582,0,Yes,1,9,3,8,7,4,7,22,1,Mid,Medium,Long,High
33,1101,Yes,Research & Development,29,4,Medical,1,Female,2,2,Research Scientist,3,Single,4508,1,No,2,14,3,13,7,3,8,22,1,Mid,Low,Long,High
28,1102,No,Research & Development,15,2,Life Sciences,1,Male,3,1,Laboratory Technician,3,Divorced,2207,1,No,4,4,2,4,2,2,2,16,0,Young,Low,Mid,Medium
34,1103,No,Research & Development,3,1,Life Sciences,1,Male,3,2,Healthcare Representative,4,Single,7756,0,No,3,7,2,6,2,0,4,17,0,Mid,Medium,Mid,Medium
37,1105,No,Sales,10,4,Life Sciences,4,Female,2,2,Sales Executive,4,Divorced,6694,2,Yes,3,8,3,1,0,0,0,14,0,Mid,Medium,Early,Medium
25,1106,Yes,Research & Development,4,1,Technical Degree,4,Male,3,1,Laboratory Technician,4,Married,3691,1,Yes,2,7,4,7,7,5,6,15,1,Young,Low,Long,Medium
26,1107,Yes,Research & Development,21,3,Medical,1,Male,3,1,Laboratory Technician,3,Divorced,2377,1,No,3,1,2,1,1,0,0,20,1,Young,Low,Early,High
33,1108,Yes,Research & Development,25,3,Medical,1,Male,2,1,Research Scientist,2,Single,2313,4,Yes,2,5,3,2,2,2,2,20,1,Mid,Low,Early,High
42,1109,No,Research & Development,2,2,Medical,4,Male,3,4,Manager,1,Married,17665,0,No,4,23,3,22,6,13,7,17,0,Mid,High,Long,Medium
28,1111,Yes,Research & Development,1,3,Medical,1,Male,2,1,Laboratory Technician,2,Divorced,2596,1,No,1,1,3,1,0,0,0,15,1,Young,Low,Early,Medium
50,1113,Yes,Sales,1,4,Other,4,Male,3,2,Sales Executive,3,Single,4728,3,Yes,4,5,3,0,0,0,0,14,1,Senior,Low,Early,Medium
33,1114,No,Sales,7,3,Life Sciences,4,Female,3,2,Sales Executive,2,Married,4302,0,No,3,4,3,3,2,0,2,17,0,Mid,Low,Mid,Medium
34,1115,No,Research & Development,3,4,Life Sciences,3,Male,2,1,Research Scientist,4,Married,2979,3,No,4,6,3,0,0,0,0,17,0,Mid,Low,Early,Medium
48,1116,No,Research & Development,1,4,Medical,1,Male,4,4,Manager,4,Single,16885,2,No,3,27,2,5,4,2,1,22,0,Senior,High,Mid,High
45,1117,No,Sales,9,4,Life Sciences,2,Female,2,2,Sales Executive,3,Married,5593,1,No,4,15,3,15,10,4,12,13,0,Senior,Medium,Long,Medium
52,1118,No,Research & Development,7,4,Life Sciences,2,Male,3,3,Healthcare Representative,2,Single,10445,7,No,4,18,3,8,6,4,0,19,0,Senior,High,Long,High
38,1119,No,Sales,10,4,Marketing,3,Male,2,3,Sales Executive,3,Divorced,8740,0,Yes,2,9,3,8,7,2,7,14,0,Mid,Medium,Long,Medium
29,1120,No,Research & Development,28,4,Life Sciences,3,Female,3,1,Research Scientist,4,Divorced,2514,4,No,1,11,3,7,5,1,7,22,0,Young,Low,Long,High
28,1121,No,Research & Development,3,3,Medical,4,Female,3,3,Manufacturing Director,2,Divorced,7655,0,No,2,10,2,9,7,1,7,17,0,Young,Medium,Long,Medium
46,1124,No,Sales,3,1,Marketing,1,Male,3,4,Manager,3,Married,17465,3,No,4,23,3,12,9,4,9,12,0,Senior,High,Long,Low
38,1125,No,Sales,2,2,Marketing,4,Male,3,3,Sales Executive,2,Single,7351,7,No,3,10,3,1,0,0,0,16,0,Mid,Medium,Early,Medium
43,1126,No,Research & Development,27,3,Life Sciences,3,Female,3,3,Manufacturing Director,1,Married,10820,8,No,3,18,3,8,7,0,1,11,0,Mid,High,Long,Low
39,1127,Yes,Research & Development,2,3,Life Sciences,1,Male,3,4,Healthcare Representative,4,Divorced,12169,7,No,4,21,3,18,7,11,5,11,1,Mid,High,Long,Low
40,1128,No,Research & Development,14,3,Medical,3,Male,2,5,Research Director,3,Single,19626,1,No,1,21,4,20,7,4,9,14,0,Mid,High,Long,Medium
21,1131,No,Research & Development,1,1,Technical Degree,4,Female,2,1,Research Scientist,2,Single,2070,1,Yes,3,2,4,2,2,2,2,11,0,Young,Low,Early,Low
39,1132,No,Research & Development,9,3,Life Sciences,3,Male,3,2,Laboratory Technician,2,Single,6782,9,No,3,9,2,5,4,0,3,15,0,Mid,Medium,Mid,Medium
36,1133,No,Research & Development,18,4,Life Sciences,1,Male,3,2,Manufacturing Director,4,Single,7779,2,No,1,18,3,11,9,0,9,20,0,Mid,Medium,Long,High
31,1135,No,Sales,20,3,Life Sciences,3,Male,4,1,Sales Representative,4,Married,2791,0,No,1,3,3,2,2,2,2,12,0,Mid,Low,Early,Low
28,1136,No,Research & Development,2,1,Life Sciences,1,Male,2,1,Research Scientist,2,Married,3201,0,No,1,6,1,5,3,0,4,17,0,Young,Low,Mid,Medium
35,1137,No,Sales,11,2,Marketing,4,Male,3,2,Sales Executive,4,Divorced,4968,1,No,4,5,3,5,2,0,2,11,0,Mid,Low,Mid,Low
49,1138,No,Sales,8,4,Technical Degree,4,Male,2,4,Sales Executive,2,Married,13120,6,No,2,22,3,9,8,2,3,17,0,Senior,High,Long,Medium
34,1140,No,Research & Development,2,2,Life Sciences,4,Male,3,2,Manufacturing Director,3,Single,4033,2,No,4,5,2,3,2,0,2,11,0,Mid,Low,Mid,Low
29,1143,No,Research & Development,10,3,Life Sciences,4,Female,3,1,Research Scientist,2,Divorced,3291,0,No,4,8,2,7,5,1,1,14,0,Young,Low,Long,Medium
42,1148,No,Research & Development,29,3,Medical,2,Male,1,2,Laboratory Technician,4,Single,4272,4,No,1,16,3,1,0,0,0,19,0,Mid,Low,Early,High
29,1150,No,Research & Development,8,1,Medical,2,Male,2,2,Manufacturing Director,4,Married,5056,1,Yes,3,10,2,10,7,1,2,15,0,Young,Medium,Long,Medium
38,1152,No,Human Resources,1,3,Human Resources,3,Male,4,1,Human Resources,3,Married,2844,1,No,4,7,4,7,6,5,0,13,0,Mid,Low,Long,Medium
28,1154,No,Research & Development,6,3,Life Sciences,3,Male,2,1,Research Scientist,3,Divorced,2703,1,Yes,4,3,3,3,1,0,2,14,0,Young,Low,Mid,Medium
18,1156,Yes,Research & Development,8,1,Medical,3,Male,3,1,Laboratory Technician,3,Single,1904,1,No,4,0,3,0,0,0,0,12,1,Young,Low,Early,Low
33,1157,Yes,Sales,9,4,Marketing,1,Female,3,2,Sales Executive,1,Single,8224,0,Yes,1,6,3,5,2,0,3,17,1,Mid,Medium,Mid,Medium
41,1158,No,Research & Development,12,4,Life Sciences,2,Male,3,1,Laboratory Technician,4,Married,4766,3,Yes,1,6,3,1,0,0,0,11,0,Mid,Low,Early,Low
31,1160,Yes,Research & Development,15,3,Medical,3,Male,3,1,Laboratory Technician,3,Married,2610,1,No,3,2,2,2,2,2,2,12,1,Mid,Low,Early,Low
37,1161,No,Research & Development,25,2,Medical,3,Female,2,2,Healthcare Representative,4,Divorced,5731,7,No,3,9,3,6,2,1,3,13,0,Mid,Medium,Mid,Medium
27,1162,No,Research & Development,6,3,Life Sciences,4,Male,2,1,Research Scientist,3,Married,2539,1,No,3,4,3,4,2,2,2,13,0,Young,Low,Mid,Medium
34,1163,No,Sales,9,1,Life Sciences,2,Female,3,2,Sales Executive,3,Married,5714,1,No,1,6,2,6,5,1,3,20,0,Mid,Medium,Mid,High
35,1164,No,Human Resources,8,4,Technical Degree,3,Male,3,1,Human Resources,3,Single,4323,1,No,2,6,1,5,4,1,4,17,0,Mid,Low,Mid,Medium
29,1165,Yes,Sales,23,1,Life Sciences,4,Female,2,3,Sales Executive,1,Married,7336,1,No,1,11,1,11,8,3,10,13,1,Young,Medium,Long,Medium
40,1166,No,Research & Development,9,4,Medical,2,Female,3,3,Research Director,3,Single,13499,9,No,3,20,2,18,7,2,13,17,0,Mid,High,Long,Medium
42,1167,Yes,Sales,12,3,Life Sciences,3,Male,3,4,Sales Executive,1,Single,13758,0,Yes,2,22,2,21,9,13,14,12,1,Mid,High,Long,Low
42,1171,No,Sales,4,4,Marketing,2,Male,3,2,Sales Executive,1,Single,5155,7,No,4,9,4,6,4,1,5,13,0,Mid,Medium,Mid,Medium
35,1172,No,Research & Development,1,4,Medical,4,Male,2,1,Laboratory Technician,3,Married,2258,6,No,2,10,3,8,0,1,7,12,0,Mid,Low,Long,Low
24,1173,No,Research & Development,24,3,Medical,4,Male,3,1,Laboratory Technician,2,Single,3597,8,No,4,6,3,4,3,1,2,22,0,Young,Low,Mid,High
28,1175,Yes,Research & Development,12,1,Life Sciences,3,Female,3,1,Laboratory Technician,4,Married,2515,1,Yes,4,1,2,1,1,0,0,11,1,Young,Low,Early,Low
26,1177,No,Research & Development,3,4,Medical,1,Male,4,1,Laboratory Technician,4,Married,4420,1,No,2,8,3,8,7,0,7,22,0,Young,Low,Long,High
30,1179,No,Sales,10,3,Marketing,3,Male,2,2,Sales Executive,3,Married,6578,1,No,1,10,3,10,3,1,4,18,0,Mid,Medium,Long,High
40,1180,No,Research & Development,26,2,Medical,3,Female,2,2,Research Scientist,4,Married,4422,3,Yes,4,16,1,1,1,0,0,13,0,Mid,Low,Early,Medium
35,1182,No,Research & Development,2,3,Life Sciences,3,Male,2,3,Manufacturing Director,2,Divorced,10274,2,No,2,15,4,7,7,6,4,18,0,Mid,High,Long,High
34,1184,No,Research & Development,1,3,Medical,4,Male,2,2,Healthcare Representative,1,Single,5343,0,No,3,14,3,13,9,4,9,20,0,Mid,Medium,Long,High
35,1185,No,Research & Development,4,4,Other,4,Male,2,1,Laboratory Technician,4,Married,2376,1,No,2,2,4,2,2,2,2,13,0,Mid,Low,Early,Medium
43,1188,Yes,Sales,9,3,Marketing,1,Female,1,2,Sales Executive,3,Single,5346,8,No,2,7,2,4,3,1,3,13,1,Mid,Medium,Mid,Medium
32,1190,No,Sales,2,1,Life Sciences,3,Female,3,1,Sales Representative,1,Divorced,2827,1,No,3,1,3,1,0,0,0,12,0,Mid,Low,Early,Low
56,1191,No,Research & Development,4,4,Technical Degree,4,Female,3,5,Manager,1,Divorced,19943,4,No,4,28,3,5,2,4,2,13,0,Senior,High,Mid,Medium
29,1192,No,Research & Development,6,1,Medical,2,Female,3,1,Laboratory Technician,4,Married,3131,1,No,1,10,3,10,8,0,8,13,0,Young,Low,Long,Medium
19,1193,No,Research & Development,9,2,Life Sciences,3,Male,3,1,Research Scientist,1,Single,2552,1,No,3,1,3,1,1,0,0,25,0,Young,Low,Early,High
45,1195,No,Research & Development,7,3,Medical,1,Female,3,1,Research Scientist,3,Married,4477,4,Yes,3,7,2,3,2,0,2,19,0,Senior,Low,Mid,High
37,1196,No,Research & Development,1,3,Life Sciences,4,Female,2,2,Manufacturing Director,4,Married,6474,1,No,2,14,2,14,8,3,11,13,0,Mid,Medium,Long,Medium
20,1198,No,Research & Development,3,3,Life Sciences,1,Male,2,1,Laboratory Technician,3,Single,3033,1,No,1,2,2,2,2,1,2,12,0,Young,Low,Early,Low
44,1200,Yes,Research & Development,10,4,Life Sciences,3,Male,3,1,Research Scientist,3,Single,2936,1,Yes,3,6,3,6,4,0,2,11,1,Mid,Low,Mid,Low
53,1201,No,Research & Development,7,2,Medical,4,Female,3,5,Manager,3,Divorced,18606,3,No,2,26,3,7,7,4,7,18,0,Senior,High,Long,High
29,1202,No,Research & Development,15,1,Life Sciences,2,Female,1,1,Research Scientist,4,Married,2168,0,Yes,1,6,2,5,4,1,3,18,0,Young,Low,Mid,High
22,1203,Yes,Research & Development,3,4,Life Sciences,3,Male,2,1,Research Scientist,4,Married,2853,0,Yes,2,1,3,0,0,0,0,11,1,Young,Low,Early,Low
46,1204,No,Sales,2,3,Marketing,3,Female,3,4,Manager,1,Married,17048,8,No,1,28,3,26,15,15,9,23,0,Senior,High,Long,High
44,1206,No,Research & Development,17,3,Life Sciences,4,Male,1,1,Research Scientist,3,Single,2290,2,No,4,6,3,0,0,0,0,13,0,Mid,Low,Early,Medium
33,1207,No,Human Resources,2,3,Human Resources,2,Male,3,1,Human Resources,3,Married,3600,1,No,4,5,3,5,4,1,4,13,0,Mid,Low,Mid,Medium
41,1210,Yes,Research & Development,5,2,Life Sciences,1,Male,2,1,Research Scientist,1,Divorced,2107,6,No,1,5,1,1,0,0,0,17,1,Mid,Low,Early,Medium
30,1211,No,Sales,29,4,Life Sciences,3,Male,3,2,Sales Executive,1,Divorced,4115,8,No,3,8,3,4,3,0,3,19,0,Mid,Low,Mid,High
40,1212,No,Sales,2,4,Medical,2,Male,3,2,Sales Executive,2,Married,4327,5,No,4,5,3,0,0,0,0,12,0,Mid,Low,Early,Low
50,1215,No,Research & Development,2,3,Medical,4,Female,3,4,Manager,1,Married,17856,2,No,3,32,3,2,2,2,2,22,0,Senior,High,Early,High
28,1216,No,Research & Development,19,4,Medical,4,Male,2,1,Laboratory Technician,1,Married,3196,1,No,3,6,3,6,5,3,3,12,0,Young,Low,Mid,Low
46,1217,No,Research & Development,15,2,Life Sciences,4,Male,3,5,Research Director,2,Married,19081,5,No,1,25,3,4,2,0,3,11,0,Senior,High,Mid,Low
35,1218,No,Sales,17,4,Life Sciences,3,Male,3,2,Sales Executive,1,Married,8966,3,Yes,4,15,3,7,7,1,7,15,0,Mid,Medium,Long,Medium
24,1219,Yes,Research & Development,17,2,Life Sciences,4,Female,3,1,Laboratory Technician,2,Married,2210,1,No,1,1,1,1,0,0,0,13,1,Young,Low,Early,Medium
33,1220,No,Sales,25,3,Medical,2,Female,3,2,Sales Executive,3,Married,4539,1,No,1,10,2,10,7,0,1,12,0,Mid,Low,Long,Low
36,1221,No,Research & Development,6,4,Life Sciences,3,Male,1,1,Laboratory Technician,3,Divorced,2741,1,No,3,7,3,7,7,1,7,14,0,Mid,Low,Long,Medium
30,1224,No,Research & Development,7,4,Life Sciences,3,Male,3,2,Laboratory Technician,3,Divorced,3491,1,No,1,10,2,10,7,8,9,13,0,Mid,Low,Long,Medium
44,1225,No,Research & Development,29,4,Other,4,Male,3,2,Research Scientist,4,Single,4541,1,No,2,20,3,20,11,13,17,25,0,Mid,Low,Long,High
20,1226,No,Sales,21,3,Marketing,3,Male,4,1,Sales Representative,4,Single,2678,1,No,4,2,3,2,1,2,2,17,0,Young,Low,Early,Medium
46,1228,No,Research & Development,2,4,Technical Degree,4,Male,3,2,Manufacturing Director,4,Divorced,7379,2,No,3,12,2,6,3,1,4,11,0,Senior,Medium,Mid,Low
42,1231,No,Human Resources,2,5,Medical,4,Male,4,2,Human Resources,1,Married,6272,7,No,1,10,4,4,3,0,3,16,0,Mid,Medium,Mid,Medium
60,1233,No,Sales,7,4,Marketing,2,Male,4,2,Sales Executive,4,Divorced,5220,0,Yes,2,12,3,11,7,1,9,18,0,Senior,Medium,Long,High
32,1234,No,Research & Development,13,3,Other,3,Female,2,1,Laboratory Technician,2,Married,2743,1,No,3,2,3,2,2,2,2,20,0,Mid,Low,Early,High
32,1235,No,Research & Development,2,2,Life Sciences,4,Female,3,2,Research Scientist,3,Single,4998,4,Yes,4,10,3,8,7,0,7,14,0,Mid,Low,Long,Medium
36,1237,No,Research & Development,1,3,Technical Degree,3,Female,1,3,Manufacturing Director,1,Divorced,10252,2,Yes,3,17,3,7,7,7,7,21,0,Mid,High,Long,High
33,1238,No,Research & Development,9,3,Medical,1,Male,3,1,Research Scientist,4,Married,2781,0,No,2,15,3,14,10,4,10,13,0,Mid,Low,Long,Medium
40,1239,No,Sales,10,3,Technical Degree,2,Female,2,2,Sales Executive,2,Divorced,6852,7,No,2,7,4,5,1,1,3,12,0,Mid,Medium,Mid,Low
25,1240,No,Sales,10,4,Life Sciences,3,Male,3,2,Sales Executive,4,Single,4950,0,No,2,5,3,4,3,1,1,14,0,Young,Low,Mid,Medium
30,1241,No,Research & Development,1,3,Medical,4,Male,3,1,Research Scientist,2,Married,3579,0,Yes,1,12,3,11,9,5,7,21,0,Mid,Low,Long,High
42,1242,No,Research & Development,26,5,Medical,1,Female,3,3,Research Director,1,Married,13191,3,Yes,3,20,3,1,0,0,0,17,0,Mid,High,Early,Medium
35,1243,No,Sales,8,2,Marketing,3,Female,2,3,Sales Executive,4,Married,10377,4,Yes,2,16,2,13,2,4,12,11,0,Mid,High,Long,Low
27,1244,No,Research & Development,14,3,Life Sciences,1,Male,3,1,Research Scientist,1,Married,2235,1,Yes,4,9,2,9,7,6,8,14,0,Young,Low,Long,Medium
54,1245,No,Research & Development,1,4,Life Sciences,4,Female,3,3,Manufacturing Director,3,Divorced,10502,7,No,1,33,1,5,4,1,4,17,0,Senior,High,Mid,Medium
44,1246,No,Research & Development,2,1,Life Sciences,1,Female,4,1,Research Scientist,4,Married,2011,1,No,4,10,3,10,5,7,7,13,0,Mid,Low,Long,Medium
19,1248,Yes,Research & Development,10,3,Medical,1,Female,2,1,Research Scientist,2,Single,1859,1,Yes,2,1,4,1,1,0,0,25,1,Young,Low,Early,High
29,1249,No,Research & Development,1,3,Life Sciences,1,Female,3,1,Research Scientist,4,Divorced,3760,1,No,1,3,3,3,2,1,2,15,0,Young,Low,Mid,Medium
54,1250,No,Research & Development,3,3,Life Sciences,4,Male,3,4,Research Director,4,Married,17779,3,No,1,36,3,10,9,0,9,14,0,Senior,High,Long,Medium
31,1251,No,Research & Development,11,2,Medical,3,Male,3,2,Healthcare Representative,1,Married,6833,1,Yes,4,6,2,6,5,0,1,12,0,Mid,Medium,Mid,Low
31,1252,No,Research & Development,24,3,Medical,3,Female,2,2,Healthcare Representative,1,Single,6812,1,No,2,10,3,10,9,1,8,19,0,Mid,Medium,Long,High
59,1254,No,Sales,3,3,Life Sciences,3,Female,2,2,Sales Executive,4,Single,5171,5,No,4,13,3,6,1,0,5,17,0,Senior,Medium,Mid,Medium
43,1255,No,Research & Development,3,3,Life Sciences,3,Male,1,5,Research Director,4,Married,19740,3,No,2,25,3,8,7,0,7,14,0,Mid,High,Long,Medium
49,1256,No,Research & Development,4,2,Medical,1,Male,2,5,Manager,3,Married,18711,2,No,3,23,4,1,0,0,0,13,0,Senior,High,Early,Medium
36,1257,No,Research & Development,3,3,Technical Degree,3,Male,3,1,Research Scientist,2,Married,3692,1,No,3,12,2,11,10,0,7,12,0,Mid,Low,Long,Low
48,1258,No,Research & Development,2,2,Technical Degree,4,Male,4,1,Laboratory Technician,2,Single,2559,5,No,3,7,2,1,0,0,0,11,0,Senior,Low,Early,Low
27,1259,No,Research & Development,4,2,Life Sciences,1,Male,3,1,Research Scientist,3,Divorced,2517,1,No,2,5,3,5,3,0,3,11,0,Young,Low,Mid,Low
29,1260,No,Research & Development,7,3,Life Sciences,3,Male,3,2,Healthcare Representative,4,Divorced,6623,1,Yes,2,6,3,6,0,1,0,11,0,Young,Medium,Mid,Low
48,1263,No,Research & Development,1,3,Life Sciences,4,Male,2,5,Research Director,4,Single,18265,6,No,3,25,4,1,0,0,0,12,0,Senior,High,Early,Low
29,1264,No,Research & Development,1,3,Life Sciences,4,Female,2,4,Research Director,4,Divorced,16124,3,No,2,9,2,7,7,1,7,14,0,Young,High,Long,Medium
34,1265,No,Research & Development,20,3,Technical Degree,3,Female,4,1,Research Scientist,3,Married,2585,0,No,4,2,2,1,0,0,0,17,0,Mid,Low,Early,Medium
44,1267,No,Sales,5,3,Marketing,2,Male,3,5,Manager,2,Married,18213,7,No,3,26,3,22,9,3,10,11,0,Mid,High,Long,Low
33,1268,No,Sales,10,5,Marketing,4,Male,4,3,Sales Executive,3,Divorced,8380,0,Yes,4,10,3,9,8,0,8,14,0,Mid,Medium,Long,Medium
19,1269,No,Research & Development,25,3,Life Sciences,2,Female,4,1,Research Scientist,4,Single,2994,1,Yes,4,1,3,1,0,0,1,12,0,Young,Low,Early,Low
23,1270,No,Research & Development,1,2,Life Sciences,4,Male,3,1,Research Scientist,3,Married,1223,1,No,4,1,3,1,0,0,1,22,0,Young,Low,Early,High
25,1273,Yes,Sales,24,1,Life Sciences,3,Male,1,1,Sales Representative,4,Single,1118,1,Yes,4,1,3,1,0,1,0,14,1,Young,Low,Early,Medium
26,1275,No,Research & Development,4,2,Life Sciences,3,Male,3,1,Research Scientist,4,Single,2875,1,Yes,2,8,2,8,5,2,2,20,0,Young,Low,Long,High
45,1277,Yes,Sales,2,3,Marketing,1,Female,1,5,Manager,2,Single,18824,2,Yes,1,26,3,24,10,1,11,16,1,Senior,High,Long,Medium
55,1278,No,Research & Development,8,1,Medical,4,Male,2,4,Healthcare Representative,2,Divorced,13577,1,Yes,4,34,3,33,9,15,0,15,0,Senior,High,Long,Medium
21,1279,Yes,Research & Development,10,2,Life Sciences,1,Female,2,1,Laboratory Technician,3,Single,2625,1,No,3,2,1,2,2,2,2,20,1,Young,Low,Early,High
46,1280,No,Sales,4,2,Marketing,4,Female,2,5,Manager,2,Married,18789,2,No,3,26,3,11,4,0,8,14,0,Senior,High,Long,Medium
34,1281,No,Sales,2,3,Marketing,3,Female,3,2,Sales Executive,1,Single,4538,0,Yes,4,4,3,3,2,0,2,12,0,Mid,Low,Mid,Low
51,1282,No,Sales,9,3,Life Sciences,4,Male,3,5,Manager,2,Divorced,19847,4,Yes,1,31,2,29,10,11,10,24,0,Senior,High,Long,High
59,1283,No,Research & Development,18,4,Medical,4,Male,3,3,Manufacturing Director,4,Single,10512,6,No,4,25,2,9,7,5,4,12,0,Senior,High,Long,Low
34,1285,No,Research & Development,19,3,Medical,3,Female,3,2,Laboratory Technician,2,Divorced,4444,4,No,3,15,4,11,8,5,10,13,0,Mid,Low,Long,Medium
28,1286,No,Research & Development,1,4,Medical,4,Male,3,1,Laboratory Technician,3,Single,2154,0,Yes,3,5,2,4,2,0,2,11,0,Young,Low,Mid,Low
44,1288,No,Research & Development,4,2,Life Sciences,3,Male,4,5,Manager,1,Divorced,19190,1,No,4,26,2,25,9,14,13,14,0,Mid,High,Long,Medium
34,1289,No,Human Resources,11,3,Life Sciences,3,Male,2,2,Human Resources,2,Married,4490,4,No,4,14,4,10,9,1,8,11,0,Mid,Low,Long,Low
35,1291,No,Research & Development,6,1,Life Sciences,3,Male,3,1,Research Scientist,3,Married,3506,0,Yes,4,4,3,3,2,2,2,14,0,Mid,Low,Mid,Medium
42,1292,No,Research & Development,7,4,Medical,2,Female,4,2,Research Scientist,2,Married,2372,6,Yes,4,18,3,1,0,0,0,16,0,Mid,Low,Early,Medium
43,1293,No,Sales,4,4,Marketing,4,Female,2,3,Sales Executive,4,Single,10231,3,No,4,23,4,21,7,15,17,14,0,Mid,High,Long,Medium
36,1294,No,Research & Development,2,4,Life Sciences,3,Female,3,2,Manufacturing Director,2,Single,5410,9,Yes,4,18,3,16,14,5,12,11,0,Mid,Medium,Long,Low
44,1295,Yes,Research & Development,15,3,Medical,1,Female,3,3,Healthcare Representative,4,Married,7978,1,No,4,10,3,10,7,0,5,11,1,Mid,Medium,Long,Low
28,1296,No,Research & Development,2,3,Life Sciences,4,Male,2,1,Laboratory Technician,4,Married,3867,1,Yes,2,2,3,2,2,2,2,12,0,Young,Low,Early,Low
51,1297,No,Research & Development,6,2,Medical,2,Female,2,1,Laboratory Technician,3,Single,2838,0,No,2,8,2,7,0,7,7,14,0,Senior,Low,Long,Medium
30,1298,No,Research & Development,9,2,Medical,3,Female,3,2,Manufacturing Director,3,Single,4695,7,Yes,3,10,3,8,4,1,7,18,0,Mid,Low,Long,High
29,1299,Yes,Research & Development,7,3,Technical Degree,2,Female,3,1,Laboratory Technician,3,Divorced,3339,3,Yes,1,10,3,7,7,7,7,13,1,Young,Low,Long,Medium
28,1301,No,Research & Development,1,3,Technical Degree,4,Male,3,1,Research Scientist,1,Single,2080,2,No,2,5,2,3,2,1,2,11,0,Young,Low,Mid,Low
25,1303,No,Research & Development,1,3,Medical,4,Female,3,1,Research Scientist,2,Single,2096,1,No,4,2,2,2,2,2,1,18,0,Young,Low,Early,High
32,1304,No,Sales,8,3,Medical,3,Male,4,2,Sales Executive,4,Married,6209,1,No,3,10,4,10,7,0,8,15,0,Mid,Medium,Long,Medium
45,1306,No,Research & Development,25,3,Medical,2,Female,3,5,Manager,2,Single,18061,3,No,3,22,3,0,0,0,0,22,0,Senior,High,Early,High
39,1307,No,Research & Development,13,4,Medical,3,Female,2,4,Manager,2,Divorced,17123,6,Yes,4,21,3,19,9,15,2,13,0,Mid,High,Long,Medium
58,1308,No,Research & Development,23,4,Life Sciences,1,Male,3,1,Research Scientist,3,Divorced,2372,1,No,4,2,3,2,2,2,2,12,0,Senior,Low,Early,Low
32,1309,Yes,Research & Development,7,2,Life Sciences,4,Male,3,2,Laboratory Technician,3,Married,4883,1,No,1,10,3,10,4,1,1,18,1,Mid,Low,Long,High
39,1310,Yes,Research & Development,23,3,Medical,3,Male,3,1,Research Scientist,1,Single,3904,0,No,1,6,3,5,2,0,3,13,1,Mid,Low,Mid,Medium
30,1311,No,Research & Development,6,3,Technical Degree,1,Female,2,2,Laboratory Technician,4,Married,4627,0,No,1,10,3,9,2,6,7,12,0,Mid,Low,Long,Low
36,1312,No,Research & Development,10,4,Technical Degree,4,Female,3,3,Healthcare Representative,3,Married,7094,3,No,1,10,3,7,7,1,7,12,0,Mid,Medium,Long,Low
46,1314,No,Human Resources,1,2,Life Sciences,4,Female,3,1,Human Resources,1,Single,3423,6,No,3,10,4,7,6,5,7,12,0,Senior,Low,Long,Low
28,1315,No,Research & Development,1,3,Life Sciences,3,Female,1,2,Laboratory Technician,4,Married,6674,0,No,1,10,3,9,8,7,5,11,0,Young,Medium,Long,Low
50,1317,No,Research & Development,28,3,Life Sciences,4,Female,3,4,Research Director,1,Married,16880,4,Yes,2,25,3,3,2,1,2,11,0,Senior,High,Mid,Low
40,1318,Yes,Sales,25,4,Marketing,4,Male,2,3,Sales Executive,2,Single,9094,2,Yes,3,9,3,5,4,1,0,12,1,Mid,Medium,Mid,Low
52,1319,Yes,Sales,5,3,Life Sciences,2,Male,3,3,Sales Executive,2,Single,8446,9,Yes,3,10,2,8,7,7,7,19,1,Senior,Medium,Long,High
30,1321,No,Research & Development,17,4,Medical,2,Female,3,3,Manager,1,Married,11916,1,Yes,4,9,3,9,1,0,8,23,0,Mid,High,Long,High
39,1322,No,Research & Development,18,2,Life Sciences,1,Male,3,2,Manufacturing Director,3,Single,4534,0,No,1,9,3,8,7,1,7,11,0,Mid,Low,Long,Low
31,1324,No,Sales,2,4,Life Sciences,4,Female,3,3,Sales Executive,3,Divorced,9852,1,Yes,1,10,2,10,8,9,6,19,0,Mid,Medium,Long,High
41,1329,No,Sales,10,2,Medical,3,Male,1,2,Sales Executive,2,Single,6151,1,No,1,19,3,19,2,11,9,13,0,Mid,Medium,Long,Medium
31,1331,Yes,Sales,1,3,Life Sciences,4,Female,3,1,Sales Representative,2,Single,2302,1,Yes,1,3,4,3,2,2,2,11,1,Mid,Low,Mid,Low
44,1333,Yes,Research & Development,3,3,Life Sciences,1,Male,3,1,Laboratory Technician,1,Married,2362,4,No,3,10,4,3,2,1,2,12,1,Mid,Low,Mid,Low
42,1334,No,Research & Development,2,1,Life Sciences,3,Male,3,4,Manager,3,Married,17861,0,Yes,4,21,2,20,8,2,10,13,0,Mid,High,Long,Medium
55,1336,No,Research & Development,2,2,Medical,4,Female,1,5,Manager,3,Married,19187,4,No,4,23,3,19,9,9,11,14,0,Senior,High,Long,Medium
56,1338,No,Human Resources,8,4,Life Sciences,4,Male,3,5,Manager,2,Single,19717,6,No,1,36,3,7,3,7,7,14,0,Senior,High,Long,Medium
40,1340,No,Research & Development,16,2,Life Sciences,3,Male,3,1,Research Scientist,3,Divorced,3544,9,No,2,6,3,4,2,0,0,16,0,Mid,Low,Mid,Medium
34,1344,No,Research & Development,9,3,Life Sciences,4,Male,3,3,Healthcare Representative,4,Divorced,8500,0,No,4,10,2,9,7,1,6,11,0,Mid,Medium,Long,Low
40,1346,No,Research & Development,2,3,Life Sciences,3,Male,3,2,Research Scientist,4,Single,4661,1,No,3,9,3,9,8,8,8,13,0,Mid,Low,Long,Medium
41,1349,No,Sales,1,3,Marketing,3,Female,3,2,Sales Executive,1,Divorced,4103,0,No,4,10,3,9,3,1,7,17,0,Mid,Low,Long,Medium
35,1350,No,Research & Development,4,4,Life Sciences,3,Male,3,2,Research Scientist,3,Single,4249,1,Yes,2,9,3,9,6,1,1,11,0,Mid,Low,Long,Low
51,1352,No,Human Resources,5,3,Life Sciences,3,Male,3,4,Manager,2,Divorced,14026,1,Yes,2,33,3,33,9,0,10,11,0,Senior,High,Long,Low
38,1355,No,Sales,2,2,Life Sciences,2,Female,3,2,Sales Executive,1,Divorced,6893,3,No,4,11,3,7,7,1,7,15,0,Mid,Medium,Long,Medium
34,1356,No,Sales,15,2,Medical,3,Female,3,2,Sales Executive,1,Single,6125,1,No,4,10,4,10,8,9,6,12,0,Mid,Medium,Long,Low
25,1358,No,Research & Development,19,1,Medical,4,Male,3,1,Laboratory Technician,4,Married,3669,3,No,3,7,2,3,2,1,2,11,0,Young,Low,Mid,Low
58,1360,Yes,Research & Development,7,4,Medical,3,Female,2,3,Manufacturing Director,1,Married,10008,7,Yes,4,31,2,10,9,5,9,14,1,Senior,High,Long,Medium
40,1361,No,Research & Development,1,4,Life Sciences,2,Male,3,1,Laboratory Technician,2,Married,2387,3,No,3,7,3,4,2,0,3,22,0,Mid,Low,Mid,High
36,1362,No,Sales,7,3,Marketing,1,Female,4,2,Sales Executive,1,Married,4639,2,No,4,17,2,15,7,6,13,16,0,Mid,Low,Long,Medium
48,1363,No,Research & Development,4,3,Life Sciences,4,Male,3,3,Manufacturing Director,4,Single,7898,1,No,3,11,3,10,9,0,8,11,0,Senior,Medium,Long,Low
27,1364,No,Sales,11,3,Medical,3,Female,4,1,Sales Representative,4,Married,2534,8,No,2,5,3,1,0,0,0,14,0,Young,Low,Early,Medium
51,1367,No,Research & Development,11,2,Technical Degree,4,Female,2,4,Manufacturing Director,2,Single,13142,3,No,2,29,2,5,2,0,3,16,0,Senior,High,Mid,Medium
18,1368,No,Research & Development,1,3,Life Sciences,4,Female,3,1,Laboratory Technician,4,Single,1611,1,No,3,0,4,0,0,0,0,15,0,Young,Low,Early,Medium
35,1369,No,Research & Development,1,3,Medical,4,Female,2,2,Laboratory Technician,4,Married,5363,0,No,2,10,3,9,7,0,0,12,0,Mid,Medium,Long,Low
27,1371,No,Sales,2,1,Life Sciences,4,Male,1,2,Sales Executive,4,Single,5071,3,No,2,8,3,6,2,0,0,20,0,Young,Medium,Mid,High
55,1372,Yes,Sales,13,4,Marketing,1,Male,4,4,Sales Executive,3,Single,13695,6,Yes,3,24,2,19,7,3,8,17,1,Senior,High,Long,Medium
56,1373,No,Research & Development,23,3,Life Sciences,4,Male,3,4,Manufacturing Director,2,Married,13402,4,Yes,1,33,3,19,16,15,9,12,0,Senior,High,Long,Low
34,1374,No,Research & Development,26,1,Technical Degree,1,Female,2,1,Research Scientist,3,Divorced,2029,1,No,3,5,3,5,4,0,0,20,0,Mid,Low,Mid,High
40,1375,No,Research & Development,2,1,Medical,2,Female,4,2,Healthcare Representative,3,Divorced,6377,5,No,2,15,3,12,11,11,8,20,0,Mid,Medium,Long,High
34,1377,No,Research & Development,29,3,Medical,2,Male,3,2,Laboratory Technician,3,Married,5429,4,No,1,10,3,8,7,7,7,13,0,Mid,Medium,Long,Medium
31,1379,Yes,Sales,2,3,Life Sciences,3,Female,2,1,Sales Representative,4,Single,2785,7,No,3,3,4,1,0,0,0,14,1,Mid,Low,Early,Medium
35,1380,Yes,Sales,18,4,Marketing,4,Female,3,2,Sales Executive,3,Married,4614,0,Yes,3,5,2,4,2,3,2,18,1,Mid,Low,Mid,High
38,1382,No,Research & Development,7,3,Life Sciences,4,Male,4,1,Research Scientist,3,Divorced,2610,1,No,4,4,3,4,2,0,3,11,0,Mid,Low,Mid,Low
34,1383,No,Research & Development,2,4,Technical Degree,3,Female,3,2,Healthcare Representative,4,Single,6687,1,No,4,14,4,14,11,4,11,11,0,Mid,Medium,Long,Low
28,1387,No,Sales,26,3,Life Sciences,3,Male,2,2,Sales Executive,1,Married,4724,1,No,3,5,3,5,3,0,4,11,0,Young,Low,Mid,Low
31,1389,Yes,Research & Development,22,4,Medical,4,Male,3,2,Manufacturing Director,3,Married,6179,1,Yes,4,10,2,10,2,6,7,15,1,Mid,Medium,Long,Medium
39,1390,No,Sales,21,4,Life Sciences,1,Male,2,2,Sales Executive,4,Married,6120,3,Yes,4,8,4,5,4,1,4,12,0,Mid,Medium,Mid,Low
51,1391,No,Sales,2,3,Marketing,2,Male,3,3,Sales Executive,2,Married,10596,2,No,2,14,3,4,2,3,2,11,0,Senior,High,Mid,Low
41,1392,No,Research & Development,22,3,Life Sciences,4,Female,3,2,Research Scientist,4,Divorced,5467,3,Yes,1,12,2,6,2,3,3,14,0,Mid,Medium,Mid,Medium
37,1394,No,Research & Development,4,1,Life Sciences,3,Male,3,1,Research Scientist,3,Married,2996,7,Yes,4,8,3,6,4,1,3,15,0,Mid,Low,Mid,Medium
33,1395,No,Sales,5,1,Life Sciences,2,Male,3,2,Sales Executive,4,Married,9998,6,No,1,8,4,5,4,1,2,13,0,Mid,Medium,Mid,Medium
32,1396,No,Sales,2,1,Marketing,3,Male,3,2,Sales Executive,2,Married,4078,0,Yes,1,4,2,3,2,1,2,13,0,Mid,Low,Mid,Medium
39,1397,No,Research & Development,25,2,Life Sciences,3,Male,3,3,Healthcare Representative,3,Married,10920,3,No,2,13,3,6,4,0,5,21,0,Mid,High,Mid,High
25,1399,No,Sales,18,1,Life Sciences,1,Male,4,2,Sales Executive,3,Married,6232,2,No,2,6,2,3,2,1,2,11,0,Young,Medium,Mid,Low
52,1401,No,Research & Development,28,2,Medical,4,Female,4,4,Manufacturing Director,3,Married,13247,2,Yes,2,24,2,5,3,0,2,11,0,Senior,High,Mid,Low
43,1402,No,Research & Development,6,3,Medical,1,Female,2,2,Research Scientist,3,Single,4081,1,Yes,1,20,1,20,7,1,8,14,0,Mid,Low,Long,Medium
27,1403,No,Sales,10,3,Marketing,4,Female,2,2,Sales Executive,4,Married,5769,1,Yes,4,6,3,6,2,4,4,11,0,Young,Medium,Mid,Low
27,1405,Yes,Research & Development,17,4,Life Sciences,4,Female,3,1,Research Scientist,3,Single,2394,1,Yes,4,8,3,8,2,7,7,13,1,Young,Low,Long,Medium
26,1407,No,Research & Development,2,1,Medical,1,Male,2,1,Research Scientist,4,Single,3904,0,No,4,5,3,4,3,1,1,12,0,Young,Low,Mid,Low
42,1408,No,Human Resources,10,3,Human Resources,3,Female,3,4,Manager,1,Married,16799,0,No,3,21,3,20,7,0,9,14,0,Mid,High,Long,Medium
52,1409,No,Research & Development,8,4,Other,3,Female,3,1,Laboratory Technician,1,Married,2950,9,No,3,12,1,5,4,0,4,13,0,Senior,Low,Mid,Medium
37,1411,No,Research & Development,11,3,Medical,1,Female,3,1,Laboratory Technician,3,Single,3629,4,No,1,8,3,3,2,0,2,18,0,Mid,Low,Mid,High
35,1412,No,Research & Development,18,2,Life Sciences,3,Male,3,3,Manufacturing Director,4,Single,9362,2,No,3,10,3,2,2,2,2,11,0,Mid,Medium,Early,Low
25,1415,No,Research & Development,1,3,Technical Degree,1,Male,3,1,Laboratory Technician,4,Married,3229,4,No,2,7,2,3,2,0,2,11,0,Young,Low,Mid,Low
26,1417,No,Research & Development,7,3,Other,3,Male,4,1,Laboratory Technician,1,Single,3578,0,No,4,8,3,7,7,0,7,12,0,Young,Low,Long,Low
29,1419,No,Human Resources,17,3,Other,2,Male,2,3,Human Resources,1,Single,7988,1,No,1,10,2,10,9,0,9,13,0,Young,Medium,Long,Medium
49,1420,Yes,Research & Development,28,2,Life Sciences,1,Male,2,2,Laboratory Technician,1,Single,4284,3,No,1,20,3,4,3,1,3,20,1,Senior,Low,Mid,High
29,1421,Yes,Research & Development,14,1,Other,3,Female,3,3,Healthcare Representative,4,Single,7553,0,Yes,1,9,3,8,7,7,7,12,1,Young,Medium,Long,Low
54,1422,No,Research & Development,1,3,Medical,4,Female,3,4,Research Director,4,Single,17328,6,No,4,29,2,20,7,12,7,19,0,Senior,High,Long,High
58,1423,No,Research & Development,1,3,Medical,4,Female,3,5,Research Director,1,Married,19701,3,Yes,3,32,3,9,8,1,5,21,0,Senior,High,Long,High
55,1424,No,Research & Development,1,4,Medical,2,Male,4,4,Research Director,4,Divorced,14732,2,No,4,31,4,7,7,0,0,13,0,Senior,High,Long,Medium
36,1425,No,Sales,3,4,Marketing,1,Female,3,2,Sales Executive,2,Single,9278,3,Yes,4,15,3,5,4,0,1,16,0,Mid,Medium,Mid,Medium
31,1427,Yes,Sales,1,4,Life Sciences,2,Female,1,1,Sales Representative,3,Single,1359,1,No,2,1,3,1,0,0,0,12,1,Mid,Low,Early,Low
30,1428,No,Sales,7,4,Marketing,4,Female,3,2,Sales Executive,1,Divorced,4779,7,No,2,8,3,3,2,0,2,14,0,Mid,Low,Mid,Medium
31,1430,No,Research & Development,8,5,Life Sciences,1,Female,3,4,Research Director,2,Single,16422,3,No,3,9,4,3,2,1,0,11,0,Mid,High,Mid,Low
34,1431,No,Research & Development,1,4,Other,4,Male,3,1,Research Scientist,1,Divorced,2996,5,No,3,10,3,4,3,1,3,14,0,Mid,Low,Mid,Medium
31,1433,Yes,Research & Development,8,3,Life Sciences,1,Female,2,1,Research Scientist,2,Single,1261,1,No,3,1,4,1,0,0,0,12,1,Mid,Low,Early,Low
27,1434,No,Research & Development,11,1,Life Sciences,2,Male,3,1,Laboratory Technician,1,Married,2099,0,No,2,6,4,5,0,1,4,14,0,Young,Low,Mid,Medium
36,1435,No,Research & Development,4,4,Life Sciences,1,Male,2,2,Laboratory Technician,4,Single,5810,1,No,3,10,2,10,4,1,8,16,0,Mid,Medium,Long,Medium
36,1436,No,Sales,16,4,Marketing,3,Female,2,2,Sales Executive,1,Married,5647,4,No,1,11,2,3,2,0,2,13,0,Mid,Medium,Mid,Medium
47,1438,No,Research & Development,1,3,Technical Degree,1,Male,3,1,Research Scientist,4,Married,3420,7,No,3,17,2,6,5,1,2,12,0,Senior,Low,Mid,Low
25,1439,Yes,Sales,9,2,Life Sciences,1,Male,2,1,Sales Representative,1,Married,4400,3,No,1,6,3,3,2,2,2,12,1,Young,Low,Mid,Low
37,1440,No,Research & Development,5,2,Technical Degree,3,Male,4,1,Laboratory Technician,3,Single,3500,0,No,1,7,1,6,5,1,3,14,0,Mid,Low,Mid,Medium
56,1441,No,Research & Development,1,2,Life Sciences,1,Female,3,1,Research Scientist,1,Married,2066,2,No,4,5,4,3,2,1,0,22,0,Senior,Low,Mid,High
47,1443,No,Research & Development,2,4,Medical,1,Female,3,4,Research Director,3,Married,17169,3,No,2,26,4,20,17,5,6,19,0,Senior,High,Long,High
24,1445,No,Sales,4,1,Medical,4,Female,3,2,Sales Executive,3,Married,4162,1,Yes,3,5,3,5,4,0,3,12,0,Young,Low,Mid,Low
32,1446,No,Sales,7,5,Marketing,4,Male,3,2,Sales Executive,4,Married,9204,4,No,3,7,2,4,3,0,3,12,0,Mid,Medium,Mid,Low
34,1447,No,Research & Development,1,3,Life Sciences,4,Female,2,1,Laboratory Technician,2,Married,3294,5,No,1,7,2,5,4,0,2,17,0,Mid,Low,Mid,Medium
41,1448,No,Research & Development,5,5,Medical,2,Male,4,1,Research Scientist,3,Married,2127,2,Yes,1,7,2,4,2,0,3,12,0,Mid,Low,Mid,Low
40,1449,No,Research & Development,9,4,Other,3,Male,3,2,Laboratory Technician,3,Divorced,3975,3,No,3,11,4,8,7,0,7,11,0,Mid,Low,Long,Low
31,1453,No,Sales,8,2,Life Sciences,1,Male,3,3,Sales Executive,4,Divorced,10793,1,No,1,13,3,13,7,9,9,18,0,Mid,High,Long,High
46,1457,Yes,Sales,9,3,Marketing,1,Male,3,3,Sales Executive,4,Divorced,10096,4,No,1,28,4,7,7,4,3,11,1,Senior,High,Long,Low
39,1458,Yes,Research & Development,2,3,Life Sciences,1,Female,2,1,Laboratory Technician,1,Single,3646,2,Yes,2,11,4,1,0,0,0,23,1,Mid,Low,Early,High
31,1459,Yes,Research & Development,1,5,Life Sciences,3,Female,4,3,Manufacturing Director,2,Single,7446,1,No,1,10,3,10,8,4,7,11,1,Mid,Medium,Long,Low
45,1460,No,Research & Development,20,3,Medical,2,Male,1,3,Healthcare Representative,1,Divorced,10851,2,Yes,2,24,3,7,7,0,7,18,0,Senior,High,Long,High
31,1461,No,Human Resources,8,2,Medical,4,Female,4,1,Human Resources,2,Single,2109,9,No,4,8,3,3,2,0,2,18,0,Mid,Low,Mid,High
31,1464,Yes,Research & Development,2,3,Life Sciences,2,Male,3,1,Laboratory Technician,4,Married,3722,6,Yes,3,7,1,2,2,2,2,13,1,Mid,Low,Early,Medium
45,1465,No,Research & Development,29,3,Technical Degree,2,Male,3,3,Manufacturing Director,4,Married,9380,4,Yes,4,10,4,3,1,1,2,18,0,Senior,Medium,Mid,High
48,1466,No,Sales,7,3,Marketing,3,Male,3,2,Sales Executive,1,Divorced,5486,4,No,1,15,3,2,2,2,2,11,0,Senior,Medium,Early,Low
34,1467,Yes,Human Resources,9,4,Technical Degree,1,Female,3,1,Human Resources,3,Married,2742,1,No,4,2,3,2,2,2,2,15,1,Mid,Low,Early,Medium
40,1468,No,Research & Development,8,1,Medical,4,Male,2,3,Research Director,2,Divorced,13757,2,No,3,16,3,9,8,4,8,11,0,Mid,High,Long,Low
28,1469,No,Sales,5,3,Medical,4,Male,3,2,Sales Executive,1,Single,8463,0,No,4,6,3,5,4,1,3,18,0,Young,Medium,Mid,High
44,1471,No,Research & Development,5,3,Life Sciences,3,Male,2,1,Laboratory Technician,3,Single,3162,3,No,4,7,3,5,2,0,3,14,0,Mid,Low,Mid,Medium
53,1472,No,Research & Development,2,3,Medical,4,Male,4,4,Research Director,2,Single,16598,4,No,2,35,2,9,8,8,8,12,0,Senior,High,Long,Low
49,1473,No,Research & Development,5,4,Technical Degree,1,Male,3,2,Healthcare Representative,3,Married,6651,2,No,2,20,2,3,2,1,2,14,0,Senior,Medium,Mid,Medium
40,1474,No,Research & Development,2,3,Medical,3,Male,3,1,Research Scientist,3,Divorced,2345,2,No,3,8,4,3,1,1,2,14,0,Mid,Low,Mid,Medium
44,1475,No,Research & Development,20,3,Life Sciences,4,Male,3,1,Research Scientist,2,Single,3420,1,No,3,6,2,5,2,1,3,13,0,Mid,Low,Mid,Medium
33,1477,No,Sales,7,3,Medical,4,Male,3,2,Sales Executive,1,Married,4373,0,No,1,5,3,4,3,0,3,14,0,Mid,Low,Mid,Medium
34,1478,No,Sales,3,3,Other,4,Male,1,2,Sales Executive,1,Single,4759,3,No,4,15,3,13,9,3,12,18,0,Mid,Low,Long,High
30,1479,No,Sales,16,1,Life Sciences,4,Male,3,2,Sales Executive,3,Married,5301,8,No,3,4,2,2,1,2,2,15,0,Mid,Medium,Early,Medium
42,1480,No,Research & Development,9,2,Medical,1,Female,3,1,Laboratory Technician,4,Single,3673,1,No,3,12,3,12,9,5,8,13,0,Mid,Low,Long,Medium
44,1481,No,Sales,1,5,Marketing,1,Female,3,2,Sales Executive,3,Married,4768,7,No,3,11,2,1,0,0,0,12,0,Mid,Low,Early,Low
30,1482,No,Research & Development,7,3,Technical Degree,3,Male,3,1,Research Scientist,3,Divorced,1274,1,No,2,1,2,1,0,0,0,13,0,Mid,Low,Early,Medium
57,1483,No,Research & Development,1,2,Life Sciences,2,Male,4,2,Research Scientist,3,Married,4900,0,No,1,13,2,12,9,2,8,24,0,Senior,Low,Long,High
49,1484,No,Research & Development,7,4,Life Sciences,3,Male,3,3,Healthcare Representative,2,Divorced,10466,3,No,2,29,3,8,7,0,7,14,0,Senior,High,Long,Medium
34,1485,No,Research & Development,15,3,Medical,2,Male,3,4,Research Director,1,Divorced,17007,7,No,4,16,2,14,8,6,9,14,0,Mid,High,Long,Medium
28,1486,Yes,Sales,1,3,Technical Degree,1,Male,3,1,Sales Representative,3,Married,2909,3,No,4,5,4,3,2,1,2,15,1,Young,Low,Mid,Medium
29,1487,Yes,Sales,13,3,Technical Degree,1,Female,3,2,Sales Executive,2,Single,5765,5,No,1,7,1,5,3,0,0,11,1,Young,Medium,Mid,Low
34,1489,Yes,Sales,24,4,Medical,1,Female,2,2,Sales Executive,2,Single,4599,0,Yes,3,16,4,15,9,10,10,23,1,Mid,Low,Long,High
35,1492,No,Sales,7,1,Life Sciences,4,Male,3,1,Sales Representative,3,Married,2404,1,No,1,1,3,1,0,0,0,13,0,Mid,Low,Early,Medium
24,1494,Yes,Research & Development,9,3,Medical,2,Male,3,1,Laboratory Technician,1,Single,3172,2,Yes,3,4,2,0,0,0,0,11,1,Young,Low,Early,Low
24,1495,No,Sales,13,2,Life Sciences,4,Female,3,1,Sales Representative,2,Married,2033,1,No,3,1,3,1,0,0,0,13,0,Young,Low,Early,Medium
44,1496,No,Research & Development,2,1,Medical,2,Male,3,3,Manufacturing Director,3,Single,10209,5,Yes,2,16,2,2,2,2,2,18,0,Mid,High,Early,High
29,1497,No,Sales,19,3,Life Sciences,3,Male,2,2,Sales Executive,3,Divorced,8620,1,No,3,10,3,10,7,0,4,14,0,Young,Medium,Long,Medium
30,1499,No,Human Resources,1,3,Life Sciences,3,Male,3,1,Human Resources,3,Divorced,2064,0,No,1,6,4,5,3,1,3,21,0,Mid,Low,Mid,High
55,1501,No,Research & Development,4,4,Life Sciences,4,Male,3,2,Healthcare Representative,3,Married,4035,0,Yes,2,4,3,3,2,1,2,16,0,Senior,Low,Mid,Medium
33,1502,No,Research & Development,4,4,Medical,1,Female,2,1,Laboratory Technician,2,Married,3838,8,No,4,8,3,5,4,0,2,11,0,Mid,Low,Mid,Low
47,1503,No,Sales,14,3,Medical,3,Female,3,2,Sales Executive,3,Married,4591,3,Yes,3,11,2,5,4,1,2,17,0,Senior,Low,Mid,Medium
28,1504,Yes,Research & Development,2,2,Medical,3,Male,2,1,Laboratory Technician,1,Single,2561,7,No,3,8,2,0,0,0,0,11,1,Young,Low,Early,Low
28,1506,No,Research & Development,1,3,Life Sciences,1,Male,2,1,Research Scientist,3,Divorced,1563,1,No,4,1,1,1,0,0,0,14,0,Young,Low,Early,Medium
28,1507,No,Sales,7,3,Life Sciences,3,Male,3,2,Sales Executive,1,Single,4898,0,No,4,5,3,4,2,1,3,14,0,Young,Low,Mid,Medium
49,1509,No,Research & Development,3,2,Medical,3,Female,2,2,Laboratory Technician,1,Married,4789,4,No,1,10,3,3,2,1,2,25,0,Senior,Low,Mid,High
29,1513,No,Research & Development,2,1,Life Sciences,4,Female,3,1,Laboratory Technician,2,Married,3180,0,No,3,4,3,3,2,0,2,13,0,Young,Low,Mid,Medium
28,1514,No,Research & Development,29,1,Life Sciences,3,Male,1,2,Manufacturing Director,2,Married,6549,1,No,2,8,2,8,6,1,7,14,0,Young,Medium,Long,Medium
33,1515,No,Research & Development,8,5,Life Sciences,4,Male,3,2,Healthcare Representative,3,Single,6388,2,Yes,1,14,3,0,0,0,0,17,0,Mid,Medium,Early,Medium
32,1516,No,Research & Development,10,3,Medical,3,Male,3,3,Manager,4,Single,11244,2,No,2,10,4,5,2,0,0,25,0,Mid,High,Mid,High
54,1520,No,Research & Development,11,4,Medical,2,Female,3,4,Manager,4,Divorced,16032,3,No,1,26,3,14,9,1,12,20,0,Senior,High,Long,High
29,1522,Yes,Research & Development,1,4,Technical Degree,1,Male,2,1,Research Scientist,1,Single,2362,6,No,3,11,1,9,7,0,7,13,1,Young,Low,Long,Medium
44,1523,No,Research & Development,28,3,Life Sciences,4,Male,3,4,Research Director,1,Married,16328,3,No,3,24,4,20,6,14,17,13,0,Mid,High,Long,Medium
39,1525,No,Research & Development,6,3,Life Sciences,2,Female,3,3,Manufacturing Director,2,Single,8376,4,No,4,9,3,2,0,2,2,18,0,Mid,Medium,Early,High
46,1527,No,Sales,3,3,Life Sciences,3,Female,3,4,Manager,2,Married,16606,8,No,4,23,4,13,12,5,1,12,0,Senior,High,Long,Low
35,1529,No,Research & Development,16,3,Life Sciences,4,Female,2,3,Healthcare Representative,2,Single,8606,1,No,4,11,1,11,8,3,3,19,0,Mid,Medium,Long,High
23,1533,No,Research & Development,20,1,Life Sciences,1,Male,3,2,Laboratory Technician,3,Single,2272,0,No,2,5,3,4,3,1,2,14,0,Young,Low,Mid,Medium
40,1534,Yes,Research & Development,9,4,Life Sciences,4,Male,3,1,Laboratory Technician,1,Single,2018,3,No,2,15,1,5,4,1,0,14,1,Mid,Low,Mid,Medium
34,1535,No,Sales,1,3,Technical Degree,4,Male,2,3,Sales Executive,3,Married,7083,1,Yes,4,10,3,10,9,8,6,14,0,Mid,Medium,Long,Medium
31,1537,Yes,Research & Development,3,3,Life Sciences,4,Female,3,1,Research Scientist,3,Single,4084,1,No,1,7,1,7,2,7,7,12,1,Mid,Low,Long,Low
50,1539,No,Research & Development,22,5,Medical,3,Male,1,4,Research Director,4,Single,14411,1,Yes,4,32,3,32,6,13,9,13,0,Senior,High,Long,Medium
34,1541,No,Sales,7,2,Technical Degree,2,Male,3,1,Sales Representative,3,Married,2308,0,Yes,2,12,3,11,10,5,7,25,0,Mid,Low,Long,High
42,1542,No,Research & Development,2,3,Medical,3,Male,2,1,Laboratory Technician,2,Married,4841,4,No,2,4,3,1,0,0,0,14,0,Mid,Low,Early,Medium
37,1543,No,Research & Development,13,3,Medical,1,Male,3,2,Research Scientist,4,Married,4285,1,No,1,10,3,10,8,3,7,17,0,Mid,Low,Long,Medium
29,1544,No,Research & Development,8,1,Other,3,Female,1,2,Healthcare Representative,1,Married,9715,3,No,3,9,3,7,7,0,7,13,0,Young,Medium,Long,Medium
33,1545,No,Research & Development,25,3,Life Sciences,4,Male,2,2,Manufacturing Director,2,Single,4320,1,No,4,5,3,5,3,0,2,13,0,Mid,Low,Mid,Medium
45,1546,No,Research & Development,28,3,Technical Degree,4,Male,3,1,Research Scientist,4,Married,2132,4,No,4,8,3,5,4,0,3,20,0,Senior,Low,Mid,High
42,1547,No,Research & Development,2,3,Life Sciences,4,Male,3,3,Healthcare Representative,4,Married,10124,2,Yes,3,24,1,20,8,13,9,14,0,Mid,High,Long,Medium
40,1548,No,Sales,9,2,Medical,1,Male,3,2,Sales Executive,1,Married,5473,0,No,4,9,4,8,4,7,1,12,0,Mid,Medium,Long,Low
33,1549,No,Research & Development,28,4,Life Sciences,2,Male,3,2,Laboratory Technician,3,Married,5207,1,Yes,2,15,3,15,14,5,7,12,0,Mid,Medium,Long,Low
40,1550,No,Human Resources,6,2,Medical,3,Male,3,4,Manager,4,Single,16437,1,Yes,4,21,3,21,7,7,7,21,0,Mid,High,Long,High
24,1551,No,Research & Development,21,2,Technical Degree,3,Male,2,1,Laboratory Technician,1,Divorced,2296,0,No,2,2,3,1,1,0,0,14,0,Young,Low,Early,Medium
40,1552,No,Research & Development,8,2,Life Sciences,4,Male,3,2,Healthcare Representative,4,Divorced,4069,3,Yes,3,8,3,2,2,2,2,18,0,Mid,Low,Early,High
45,1553,No,Research & Development,1,4,Technical Degree,1,Male,3,3,Healthcare Representative,2,Divorced,7441,1,No,1,10,3,10,8,7,7,12,0,Senior,Medium,Long,Low
35,1554,No,Sales,28,4,Life Sciences,2,Female,2,1,Sales Representative,3,Married,2430,0,No,1,6,3,5,3,4,2,23,0,Mid,Low,Mid,High
32,1555,No,Research & Development,5,2,Life Sciences,4,Female,2,2,Research Scientist,2,Married,5878,3,No,1,12,3,7,1,2,5,12,0,Mid,Medium,Long,Low
36,1556,No,Sales,2,4,Life Sciences,3,Male,3,1,Sales Representative,4,Single,2644,3,Yes,4,7,2,3,2,1,2,21,0,Mid,Low,Mid,High
48,1557,No,Sales,16,4,Life Sciences,3,Female,3,2,Sales Executive,3,Divorced,6439,8,No,3,18,3,8,7,7,7,14,0,Senior,Medium,Long,Medium
29,1558,No,Research & Development,9,3,Life Sciences,3,Male,4,1,Research Scientist,3,Married,2451,6,No,1,5,2,1,0,0,0,18,0,Young,Low,Early,High
33,1560,No,Sales,8,4,Life Sciences,1,Male,3,2,Sales Executive,1,Married,6392,2,No,4,8,1,2,2,2,2,13,0,Mid,Medium,Early,Medium
30,1562,Yes,Sales,1,3,Life Sciences,2,Male,2,2,Sales Executive,1,Married,9714,1,No,4,10,3,10,8,6,7,11,1,Mid,Medium,Long,Low
38,1563,No,Human Resources,10,4,Human Resources,3,Male,3,2,Human Resources,3,Married,6077,3,No,3,10,3,6,3,1,2,11,0,Mid,Medium,Mid,Low
35,1564,No,Research & Development,1,3,Medical,4,Male,2,1,Laboratory Technician,1,Single,2450,1,No,2,3,3,3,0,1,2,19,0,Mid,Low,Mid,High
30,1568,No,Sales,29,4,Technical Degree,3,Male,3,3,Sales Executive,2,Married,9250,3,No,2,9,3,4,2,1,3,12,0,Mid,Medium,Mid,Low
35,1569,Yes,Research & Development,2,3,Life Sciences,1,Female,3,1,Laboratory Technician,1,Divorced,2074,1,Yes,4,1,3,1,0,0,0,12,1,Mid,Low,Early,Low
53,1572,Yes,Research & Development,2,5,Technical Degree,3,Female,2,3,Manufacturing Director,4,Married,10169,0,No,2,34,3,33,7,1,9,16,1,Senior,High,Long,Medium
38,1573,Yes,Research & Development,2,3,Medical,3,Male,3,2,Manufacturing Director,2,Married,4855,4,No,1,7,3,5,2,1,4,11,1,Mid,Low,Mid,Low
32,1574,No,Research & Development,1,4,Technical Degree,4,Male,3,2,Research Scientist,1,Married,4087,4,No,2,9,2,6,5,1,2,14,0,Mid,Low,Mid,Medium
48,1576,No,Research & Development,15,4,Other,3,Female,3,1,Research Scientist,1,Married,2367,8,No,4,10,2,8,2,7,6,12,0,Senior,Low,Long,Low
34,1577,No,Research & Development,7,4,Medical,1,Male,3,1,Research Scientist,4,Single,2972,1,No,3,1,1,1,0,0,0,13,0,Mid,Low,Early,Medium
55,1578,No,Sales,26,5,Marketing,3,Male,2,5,Manager,4,Married,19586,1,No,3,36,3,36,6,2,13,21,0,Senior,High,Long,High
34,1580,No,Research & Development,1,4,Life Sciences,2,Male,3,2,Research Scientist,4,Married,5484,9,No,2,9,2,2,2,2,1,17,0,Mid,Medium,Early,Medium
26,1581,No,Research & Development,3,3,Life Sciences,1,Female,3,1,Research Scientist,4,Married,2061,1,No,1,1,3,1,0,0,0,21,0,Young,Low,Early,High
38,1582,No,Sales,14,3,Life Sciences,3,Male,3,2,Sales Executive,2,Married,9924,0,No,4,10,3,9,8,7,7,11,0,Mid,Medium,Long,Low
38,1583,No,Sales,16,3,Life Sciences,2,Female,3,2,Sales Executive,2,Single,4198,2,No,2,8,4,3,2,1,2,12,0,Mid,Low,Mid,Low
36,1585,No,Sales,1,4,Life Sciences,2,Female,3,2,Sales Executive,3,Single,6815,6,No,1,15,3,1,0,0,0,13,0,Mid,Medium,Early,Medium
29,1586,No,Research & Development,3,1,Medical,2,Male,3,1,Laboratory Technician,1,Single,4723,1,Yes,4,10,3,10,9,1,5,18,0,Young,Low,Long,High
35,1587,No,Research & Development,10,4,Medical,1,Female,3,2,Healthcare Representative,3,Single,6142,3,Yes,3,10,3,5,2,0,4,16,0,Mid,Medium,Mid,Medium
39,1588,No,Sales,6,3,Medical,4,Male,4,3,Sales Executive,3,Married,8237,2,No,1,11,3,7,6,7,6,11,0,Mid,Medium,Long,Low
29,1590,No,Research & Development,2,1,Life Sciences,1,Male,3,2,Healthcare Representative,4,Divorced,8853,1,No,4,6,4,6,4,1,3,19,0,Young,Medium,Mid,High
50,1591,No,Sales,9,3,Marketing,3,Male,3,5,Manager,3,Married,19331,4,Yes,3,27,3,1,0,0,0,16,0,Senior,High,Early,Medium
23,1592,No,Research & Development,10,3,Technical Degree,4,Male,4,1,Research Scientist,3,Married,2073,2,No,4,4,3,2,2,2,2,16,0,Young,Low,Early,Medium
36,1594,No,Research & Development,6,4,Life Sciences,1,Male,4,2,Laboratory Technician,1,Married,5562,3,Yes,4,9,3,3,2,0,2,13,0,Mid,Medium,Mid,Medium
42,1595,No,Research & Development,9,2,Other,4,Male,2,5,Manager,4,Single,19613,8,No,4,24,3,1,0,0,1,22,0,Mid,High,Early,High
35,1596,No,Research & Development,28,3,Life Sciences,2,Male,4,2,Laboratory Technician,3,Married,3407,1,No,4,10,2,10,9,6,8,17,0,Mid,Low,Long,Medium
34,1597,No,Research & Development,10,4,Technical Degree,4,Male,2,2,Healthcare Representative,3,Married,5063,1,No,2,8,2,8,2,7,7,14,0,Mid,Medium,Long,Medium
40,1598,No,Sales,14,2,Life Sciences,4,Female,3,2,Sales Executive,1,Married,4639,1,No,3,5,3,5,4,1,2,15,0,Mid,Low,Mid,Medium
43,1599,No,Research & Development,27,3,Technical Degree,4,Male,4,1,Laboratory Technician,2,Divorced,4876,5,No,3,8,3,6,4,0,2,12,0,Mid,Low,Mid,Low
35,1601,No,Research & Development,7,2,Life Sciences,3,Male,2,1,Laboratory Technician,4,Married,2690,1,No,4,1,2,1,0,0,1,18,0,Mid,Low,Early,High
46,1602,No,Sales,1,4,Life Sciences,4,Male,4,4,Manager,1,Single,17567,1,No,2,27,1,26,0,0,12,15,0,Senior,High,Long,Medium
28,1604,Yes,Research & Development,24,3,Medical,3,Male,3,1,Laboratory Technician,2,Married,2408,1,Yes,3,1,3,1,1,0,0,17,1,Young,Low,Early,Medium
22,1605,No,Research & Development,26,2,Other,2,Female,2,1,Research Scientist,3,Married,2814,1,Yes,2,4,2,4,2,1,3,14,0,Young,Low,Mid,Medium
50,1606,No,Research & Development,20,5,Medical,2,Male,3,4,Healthcare Representative,3,Married,11245,2,Yes,3,32,3,30,8,12,13,15,0,Senior,High,Long,Medium
32,1607,No,Research & Development,5,4,Other,2,Female,4,1,Research Scientist,4,Married,3312,3,No,4,6,3,3,2,0,2,17,0,Mid,Low,Mid,Medium
44,1608,No,Research & Development,7,3,Medical,2,Female,3,5,Research Director,4,Divorced,19049,0,Yes,4,23,2,22,7,1,10,14,0,Mid,High,Long,Medium
30,1609,No,Research & Development,7,3,Medical,2,Male,2,1,Research Scientist,2,Married,2141,1,No,2,6,2,6,4,1,1,12,0,Mid,Low,Mid,Low
45,1611,No,Research & Development,5,5,Medical,3,Female,1,2,Laboratory Technician,1,Single,5769,1,Yes,1,10,3,10,7,1,4,14,0,Senior,Medium,Long,Medium
45,1612,No,Sales,26,3,Marketing,1,Male,2,2,Sales Executive,1,Married,4385,1,No,1,10,3,10,7,4,5,15,0,Senior,Low,Long,Medium
31,1613,No,Sales,2,4,Other,4,Male,3,2,Sales Executive,1,Single,5332,7,No,4,10,3,5,2,0,3,13,0,Mid,Medium,Mid,Medium
36,1614,No,Research & Development,12,4,Life Sciences,3,Female,3,2,Manufacturing Director,3,Married,4663,9,Yes,2,7,3,3,2,1,1,12,0,Mid,Low,Mid,Low
34,1615,No,Research & Development,10,4,Life Sciences,3,Male,4,2,Manufacturing Director,4,Divorced,4724,1,No,1,9,3,9,7,7,2,13,0,Mid,Low,Long,Medium
49,1617,No,Research & Development,25,4,Life Sciences,3,Female,3,1,Laboratory Technician,1,Married,3211,1,No,4,10,2,9,6,1,4,14,0,Senior,Low,Long,Medium
39,1618,No,Research & Development,10,5,Medical,2,Male,3,2,Manufacturing Director,1,Married,5377,2,No,4,10,3,7,7,7,7,13,0,Mid,Medium,Long,Medium
27,1619,No,Research & Development,19,3,Other,4,Male,2,1,Laboratory Technician,1,Divorced,4066,1,No,1,7,3,7,7,0,7,11,0,Young,Low,Long,Low
35,1621,No,Research & Development,18,5,Life Sciences,2,Male,4,2,Research Scientist,1,Married,5208,1,No,4,16,3,16,15,1,10,11,0,Mid,Medium,Long,Low
28,1622,No,Research & Development,27,3,Medical,2,Female,1,2,Manufacturing Director,1,Divorced,4877,0,No,2,6,2,5,3,0,0,21,0,Young,Low,Mid,High
21,1623,No,Research & Development,5,1,Medical,3,Male,3,1,Research Scientist,4,Single,3117,1,No,3,3,3,2,2,2,2,18,0,Young,Low,Early,High
18,1624,Yes,Sales,3,2,Medical,2,Female,3,1,Sales Representative,4,Single,1569,1,Yes,3,0,4,0,0,0,0,12,1,Young,Low,Early,Low
47,1625,No,Human Resources,26,4,Life Sciences,4,Female,3,5,Manager,3,Married,19658,3,No,3,27,3,5,2,1,0,11,0,Senior,High,Mid,Low
39,1627,No,Research & Development,3,2,Medical,3,Male,2,2,Laboratory Technician,3,Divorced,3069,0,No,4,11,3,10,8,0,7,15,0,Mid,Low,Long,Medium
40,1628,No,Research & Development,15,3,Life Sciences,1,Female,2,3,Manufacturing Director,3,Married,10435,1,No,4,18,3,18,15,14,12,13,0,Mid,High,Long,Medium
35,1630,No,Research & Development,8,4,Life Sciences,3,Female,3,2,Healthcare Representative,3,Married,4148,1,No,4,15,3,14,11,2,9,12,0,Mid,Low,Long,Low
37,1631,No,Research & Development,19,3,Life Sciences,3,Male,3,2,Manufacturing Director,3,Married,5768,3,No,1,9,2,4,3,0,2,17,0,Mid,Medium,Mid,Medium
39,1633,No,Research & Development,4,3,Medical,1,Female,3,2,Manufacturing Director,3,Single,5042,0,No,4,10,1,9,2,3,8,13,0,Mid,Medium,Long,Medium
45,1635,No,Research & Development,2,2,Other,4,Female,2,2,Manufacturing Director,4,Divorced,5770,1,No,1,10,3,10,7,3,9,19,0,Senior,Medium,Long,High
38,1638,No,Research & Development,2,2,Medical,4,Female,2,3,Manufacturing Director,3,Married,7756,3,Yes,4,10,4,5,4,0,2,19,0,Mid,Medium,Mid,High
35,1639,Yes,Sales,10,3,Medical,4,Male,2,3,Sales Executive,1,Married,10306,9,No,3,15,3,13,12,6,0,17,1,Mid,High,Long,Medium
37,1640,No,Research & Development,10,3,Medical,2,Female,3,1,Research Scientist,2,Married,3936,1,No,1,8,1,8,4,7,7,11,0,Mid,Low,Long,Low
40,1641,No,Research & Development,16,3,Life Sciences,3,Female,3,3,Manufacturing Director,4,Single,7945,6,Yes,4,18,2,4,2,3,3,15,0,Mid,Medium,Mid,Medium
44,1642,No,Human Resources,1,5,Human Resources,1,Male,3,2,Human Resources,4,Married,5743,4,Yes,3,14,3,10,7,0,2,11,0,Mid,Medium,Long,Low
48,1644,No,Research & Development,4,5,Medical,3,Male,2,4,Manager,4,Married,15202,2,No,2,23,3,2,2,2,2,25,0,Senior,High,Early,High
35,1645,Yes,Sales,15,2,Medical,1,Male,1,2,Sales Executive,4,Divorced,5440,6,Yes,4,7,2,2,2,2,2,14,1,Mid,Medium,Early,Medium
24,1646,No,Research & Development,2,1,Technical Degree,1,Female,3,1,Research Scientist,4,Single,3760,1,Yes,3,6,3,6,3,1,3,13,0,Young,Low,Mid,Medium
27,1647,No,Research & Development,8,3,Medical,2,Female,4,1,Research Scientist,3,Married,3517,7,No,1,5,3,3,2,0,2,17,0,Young,Low,Mid,Medium
27,1648,No,Research & Development,2,3,Medical,4,Male,3,1,Research Scientist,4,Single,2580,2,No,3,6,2,4,2,1,2,13,0,Young,Low,Mid,Medium
40,1649,Yes,Research & Development,7,3,Life Sciences,1,Male,3,1,Laboratory Technician,1,Single,2166,3,Yes,2,10,1,4,2,0,3,14,1,Mid,Low,Mid,Medium
29,1650,No,Sales,10,3,Medical,3,Male,2,2,Sales Executive,3,Single,5869,9,No,3,8,3,5,2,1,4,11,0,Young,Medium,Mid,Low
36,1651,No,Research & Development,5,4,Life Sciences,2,Female,3,3,Healthcare Representative,1,Married,8008,4,No,3,9,3,3,2,0,2,12,0,Mid,Medium,Mid,Low
25,1653,No,Research & Development,2,1,Life Sciences,4,Male,4,2,Manufacturing Director,3,Divorced,5206,1,No,3,7,3,7,7,0,7,17,0,Young,Medium,Long,Medium
39,1654,No,Research & Development,12,3,Medical,4,Male,3,2,Manufacturing Director,2,Married,5295,4,No,3,7,3,5,4,1,0,21,0,Mid,Medium,Mid,High
49,1655,No,Research & Development,22,4,Other,1,Female,3,4,Research Director,2,Married,16413,3,No,2,27,3,4,2,1,2,16,0,Senior,High,Mid,Medium
50,1656,No,Research & Development,17,5,Life Sciences,4,Female,2,3,Research Director,1,Divorced,13269,5,No,3,19,3,14,11,1,11,15,0,Senior,High,Long,Medium
20,1657,No,Sales,2,3,Medical,3,Female,3,1,Sales Representative,3,Single,2783,1,No,1,2,3,2,2,2,2,19,0,Young,Low,Early,High
34,1658,No,Research & Development,3,3,Life Sciences,4,Female,3,2,Research Scientist,2,Divorced,5433,1,No,3,11,3,11,8,7,9,12,0,Mid,Medium,Long,Low
36,1659,No,Research & Development,7,3,Life Sciences,1,Male,3,1,Laboratory Technician,2,Single,2013,2,No,3,15,3,4,3,1,3,11,0,Mid,Low,Mid,Low
49,1661,No,Research & Development,6,1,Life Sciences,3,Female,2,4,Healthcare Representative,3,Married,13966,2,Yes,2,30,3,15,11,2,12,19,0,Senior,High,Long,High
36,1662,No,Research & Development,1,4,Medical,4,Female,2,2,Manufacturing Director,3,Married,4374,0,No,3,4,3,3,2,1,2,15,0,Mid,Low,Mid,Medium
36,1664,No,Research & Development,3,2,Life Sciences,4,Male,4,2,Healthcare Representative,1,Divorced,6842,6,No,1,13,3,5,4,0,4,20,0,Mid,Medium,Mid,High
54,1665,No,Research & Development,22,5,Medical,2,Female,3,4,Manager,3,Married,17426,3,No,3,36,3,10,8,4,7,25,0,Senior,High,Long,High
43,1666,No,Research & Development,15,2,Life Sciences,3,Male,2,4,Research Director,3,Married,17603,1,No,1,14,3,14,10,6,11,24,0,Mid,High,Long,High
35,1667,Yes,Sales,12,4,Other,4,Male,3,2,Sales Executive,4,Single,4581,3,Yes,1,13,4,11,9,6,7,24,1,Mid,Low,Long,High
38,1668,No,Research & Development,1,3,Life Sciences,4,Male,3,2,Research Scientist,4,Married,4735,7,No,4,19,4,13,11,2,9,15,0,Mid,Low,Long,Medium
29,1669,No,Sales,5,3,Medical,1,Male,2,2,Sales Executive,2,Divorced,4187,1,Yes,2,10,2,10,0,0,9,13,0,Young,Low,Long,Medium
33,1670,No,Sales,2,4,Medical,4,Male,3,2,Sales Executive,4,Divorced,5505,1,No,3,6,3,6,2,0,4,14,0,Mid,Medium,Mid,Medium
32,1671,No,Research & Development,2,3,Medical,4,Male,3,2,Research Scientist,2,Divorced,5470,0,No,3,10,2,9,5,1,6,13,0,Mid,Medium,Long,Medium
31,1673,No,Sales,5,4,Life Sciences,1,Female,3,2,Sales Executive,4,Married,5476,1,No,1,10,3,10,0,0,2,11,0,Mid,Medium,Long,Low
49,1674,No,Research & Development,16,3,Medical,4,Female,3,1,Laboratory Technician,1,Divorced,2587,4,Yes,2,17,2,2,2,2,2,16,0,Senior,Low,Early,Medium
38,1675,No,Research & Development,2,3,Medical,4,Female,2,1,Laboratory Technician,2,Single,2440,1,No,2,4,3,4,3,3,3,22,0,Mid,Low,Mid,High
47,1676,No,Sales,2,4,Life Sciences,2,Female,4,4,Manager,2,Divorced,15972,6,No,3,29,3,3,2,1,2,14,0,Senior,High,Mid,Medium
49,1677,No,Research & Development,1,3,Life Sciences,3,Male,3,4,Manager,3,Single,15379,4,No,1,23,3,8,7,0,0,14,0,Senior,High,Long,Medium
41,1678,No,Sales,23,2,Life Sciences,4,Male,3,3,Sales Executive,3,Single,7082,3,Yes,4,21,3,2,0,0,2,16,0,Mid,Medium,Early,Medium
20,1680,No,Sales,9,1,Life Sciences,4,Male,3,1,Sales Representative,1,Single,2728,1,No,1,2,3,2,2,0,2,11,0,Young,Low,Early,Low
33,1681,No,Sales,16,3,Life Sciences,3,Female,3,2,Sales Executive,4,Divorced,5368,1,Yes,3,7,3,6,5,1,2,25,0,Mid,Medium,Mid,High
36,1682,No,Research & Development,26,4,Life Sciences,1,Male,3,2,Healthcare Representative,3,Married,5347,6,No,2,10,2,3,2,0,2,14,0,Mid,Medium,Mid,Medium
44,1683,No,Human Resources,1,3,Life Sciences,3,Female,3,1,Human Resources,4,Divorced,3195,4,Yes,1,8,3,2,2,2,2,18,0,Mid,Low,Early,High
23,1684,Yes,Research & Development,8,1,Medical,4,Male,2,1,Laboratory Technician,3,Single,3989,1,Yes,1,5,3,5,4,1,2,11,1,Young,Low,Mid,Low
38,1687,No,Research & Development,4,2,Medical,4,Female,3,1,Laboratory Technician,3,Married,3306,7,No,4,7,2,0,0,0,0,19,0,Mid,Low,Early,High
53,1689,No,Research & Development,24,4,Medical,2,Male,4,3,Healthcare Representative,4,Married,7005,3,No,3,11,3,4,3,1,2,15,0,Senior,Medium,Mid,Medium
48,1691,Yes,Sales,7,2,Medical,4,Female,3,1,Sales Representative,3,Married,2655,2,Yes,3,19,3,9,7,7,7,11,1,Senior,Low,Long,Low
32,1692,Yes,Research & Development,2,4,Life Sciences,4,Male,3,1,Laboratory Technician,2,Single,1393,1,No,1,1,3,1,0,0,0,12,1,Mid,Low,Early,Low
26,1693,No,Research & Development,7,3,Medical,4,Male,3,1,Laboratory Technician,4,Single,2570,1,No,3,7,3,7,7,5,7,20,0,Young,Low,Long,High
55,1694,No,Research & Development,22,3,Technical Degree,1,Male,2,1,Research Scientist,2,Divorced,3537,5,No,4,8,3,4,2,1,2,12,0,Senior,Low,Mid,Low
34,1696,No,Research & Development,5,2,Medical,2,Male,2,2,Laboratory Technician,4,Married,3986,1,No,3,15,4,15,10,4,13,14,0,Mid,Low,Long,Medium
60,1697,No,Research & Development,1,4,Medical,3,Male,1,3,Healthcare Representative,4,Divorced,10883,3,No,3,19,4,1,0,0,0,20,0,Senior,High,Early,High
33,1698,No,Research & Development,21,3,Medical,2,Male,4,1,Laboratory Technician,2,Married,2028,1,No,4,14,3,14,11,2,13,18,0,Mid,Low,Long,High
37,1700,No,Sales,1,4,Medical,3,Male,1,2,Sales Executive,4,Divorced,9525,1,No,3,6,2,6,3,1,3,14,0,Mid,Medium,Mid,Medium
34,1701,No,Research & Development,19,3,Life Sciences,2,Female,2,1,Research Scientist,4,Married,2929,1,No,2,10,3,10,9,8,7,12,0,Mid,Low,Long,Low
23,1702,Yes,Sales,7,3,Life Sciences,3,Male,3,1,Sales Representative,4,Divorced,2275,1,Yes,2,3,3,3,2,0,2,21,1,Young,Low,Mid,High
44,1703,No,Research & Development,2,3,Life Sciences,3,Female,4,3,Healthcare Representative,4,Married,7879,1,Yes,2,9,3,8,7,6,7,19,0,Mid,Medium,Long,High
35,1704,No,Research & Development,2,4,Medical,1,Male,2,1,Research Scientist,4,Single,4930,0,Yes,3,6,4,5,4,1,4,14,0,Mid,Low,Mid,Medium
43,1706,No,Sales,2,3,Medical,4,Male,3,2,Sales Executive,4,Married,7847,1,Yes,1,10,3,10,9,8,8,17,0,Mid,Medium,Long,Medium
24,1707,No,Research & Development,9,3,Medical,3,Male,4,1,Research Scientist,3,Married,4401,1,No,4,5,3,5,3,0,4,16,0,Young,Low,Mid,Medium
41,1708,No,Sales,6,3,Marketing,4,Male,3,3,Sales Executive,3,Single,9241,1,No,2,10,3,10,8,8,7,12,0,Mid,Medium,Long,Low
29,1709,No,Research & Development,9,4,Medical,4,Female,3,1,Laboratory Technician,3,Married,2974,9,No,3,9,3,5,3,1,2,17,0,Young,Low,Mid,Medium
36,1710,No,Sales,2,4,Life Sciences,3,Female,3,2,Sales Representative,4,Single,4502,3,No,3,17,2,13,7,6,7,15,0,Mid,Low,Long,Medium
45,1712,No,Research & Development,1,1,Life Sciences,3,Male,2,3,Healthcare Representative,3,Married,10748,3,No,4,25,2,23,15,14,4,23,0,Senior,High,Long,High
24,1714,Yes,Human Resources,22,1,Human Resources,4,Male,1,1,Human Resources,3,Married,1555,1,No,3,1,3,1,0,0,0,11,1,Young,Low,Early,Low
47,1716,Yes,Sales,9,3,Life Sciences,3,Male,1,4,Sales Executive,3,Married,12936,7,No,3,25,1,23,5,14,10,11,1,Senior,High,Long,Low
26,1718,No,Research & Development,17,4,Medical,4,Male,1,1,Laboratory Technician,3,Married,2305,1,No,3,3,4,3,2,0,2,15,0,Young,Low,Mid,Medium
45,1719,No,Research & Development,28,2,Technical Degree,4,Female,2,4,Research Director,2,Single,16704,1,No,3,21,3,21,6,8,6,11,0,Senior,High,Long,Low
32,1720,No,Research & Development,10,3,Life Sciences,1,Male,3,1,Research Scientist,3,Married,3433,6,No,1,10,2,5,2,1,3,13,0,Mid,Low,Mid,Medium
31,1721,No,Research & Development,2,4,Life Sciences,2,Male,3,1,Laboratory Technician,3,Married,3477,1,No,4,6,4,5,2,0,3,14,0,Mid,Low,Mid,Medium
41,1722,No,Human Resources,4,3,Human Resources,3,Male,1,2,Human Resources,2,Married,6430,6,No,2,10,3,3,2,1,2,19,0,Mid,Medium,Mid,High
40,1724,No,Research & Development,8,2,Life Sciences,2,Female,3,2,Manufacturing Director,1,Married,6516,2,Yes,2,18,3,1,0,0,0,16,0,Mid,Medium,Early,Medium
24,1725,No,Research & Development,29,1,Medical,2,Male,3,1,Laboratory Technician,1,Divorced,3907,1,No,2,6,4,6,2,1,2,13,0,Young,Low,Mid,Medium
46,1727,No,Research & Development,13,4,Life Sciences,3,Male,3,2,Healthcare Representative,2,Single,5562,6,No,4,19,3,10,7,0,9,14,0,Senior,Medium,Long,Medium
35,1728,No,Research & Development,27,4,Life Sciences,4,Male,3,2,Manufacturing Director,3,Married,6883,2,No,2,17,3,7,7,0,7,16,0,Mid,Medium,Long,Medium
30,1729,No,Research & Development,16,1,Life Sciences,2,Male,3,1,Research Scientist,4,Married,2862,1,No,2,10,2,10,0,0,8,12,0,Mid,Low,Long,Low
47,1731,No,Sales,2,4,Marketing,3,Male,3,2,Sales Executive,2,Married,4978,7,No,4,4,1,1,0,0,0,11,0,Senior,Low,Early,Low
46,1732,No,Sales,2,3,Life Sciences,3,Male,3,3,Sales Executive,4,Divorced,10368,4,Yes,2,13,2,10,6,0,3,12,0,Senior,High,Long,Low
36,1733,Yes,Sales,13,5,Marketing,2,Male,2,2,Sales Executive,1,Divorced,6134,5,Yes,2,16,3,2,2,2,2,13,1,Mid,Medium,Early,Medium
32,1734,Yes,Sales,1,2,Life Sciences,1,Male,1,2,Sales Executive,2,Single,6735,6,No,2,10,3,0,0,0,0,15,1,Mid,Medium,Early,Medium
23,1735,No,Research & Development,4,1,Medical,3,Female,3,1,Laboratory Technician,2,Single,3295,1,No,3,3,1,3,2,1,2,13,0,Young,Low,Mid,Medium
31,1736,No,Research & Development,24,1,Technical Degree,4,Female,3,2,Manufacturing Director,4,Single,5238,2,No,4,9,2,5,4,1,4,20,0,Mid,Medium,Mid,High
39,1737,No,Research & Development,1,3,Life Sciences,4,Male,3,2,Laboratory Technician,4,Married,6472,1,Yes,4,9,3,9,8,5,8,15,0,Mid,Medium,Long,Medium
32,1739,No,Sales,19,3,Life Sciences,4,Male,1,3,Sales Executive,3,Married,9610,3,No,3,10,1,4,3,0,2,13,0,Mid,Medium,Mid,Medium
40,1740,No,Sales,7,4,Medical,2,Male,3,5,Manager,2,Single,19833,1,No,2,21,2,21,8,12,8,14,0,Mid,High,Long,Medium
45,1744,No,Human Resources,4,3,Life Sciences,3,Female,1,3,Human Resources,3,Married,9756,4,No,3,9,4,5,0,0,3,21,0,Senior,Medium,Mid,High
30,1745,No,Research & Development,2,4,Technical Degree,4,Female,2,1,Research Scientist,1,Single,4968,0,No,4,10,3,9,7,0,7,16,0,Mid,Low,Long,Medium
24,1746,No,Human Resources,10,3,Medical,1,Male,3,1,Human Resources,4,Married,2145,0,No,4,3,3,2,2,2,1,14,0,Young,Low,Early,Medium
30,1747,Yes,Human Resources,8,3,Human Resources,3,Female,2,1,Human Resources,4,Divorced,2180,6,No,3,6,2,4,2,1,2,11,1,Mid,Low,Mid,Low
31,1749,No,Sales,5,3,Technical Degree,1,Male,3,2,Sales Executive,3,Married,8346,1,No,3,6,3,5,2,0,2,19,0,Mid,Medium,Mid,High
27,1751,No,Research & Development,8,3,Medical,3,Female,3,1,Research Scientist,4,Single,3445,1,No,3,6,2,6,2,1,4,11,0,Young,Low,Mid,Low
29,1752,Yes,Sales,9,3,Marketing,2,Female,1,1,Sales Representative,2,Single,2760,1,No,3,2,3,2,2,2,2,13,1,Young,Low,Early,Medium
29,1753,No,Research & Development,1,3,Life Sciences,4,Male,4,2,Healthcare Representative,3,Single,6294,8,Yes,4,10,4,3,2,0,2,12,0,Young,Medium,Mid,Low
30,1754,No,Sales,15,2,Marketing,3,Male,2,3,Sales Executive,1,Divorced,7140,2,No,1,12,3,7,7,1,7,11,0,Mid,Medium,Long,Low
34,1755,No,Research & Development,2,4,Medical,4,Male,4,1,Research Scientist,4,Married,2932,0,Yes,1,6,3,5,0,1,2,14,0,Mid,Low,Mid,Medium
33,1756,No,Sales,2,3,Marketing,4,Female,3,2,Sales Executive,2,Single,5147,8,No,4,13,2,11,7,1,7,15,0,Mid,Medium,Long,Medium
49,1757,No,Sales,11,4,Marketing,4,Female,3,2,Sales Executive,4,Single,4507,3,No,3,8,4,5,1,0,4,12,0,Senior,Low,Mid,Low
33,1758,Yes,Sales,16,3,Life Sciences,1,Female,3,3,Sales Executive,1,Single,8564,2,Yes,3,11,2,0,0,0,0,20,1,Mid,Medium,Early,High
38,1760,No,Research & Development,2,2,Medical,3,Female,2,1,Laboratory Technician,2,Married,2468,4,No,2,9,2,6,1,0,5,14,0,Mid,Low,Mid,Medium
31,1761,Yes,Sales,16,4,Marketing,1,Male,3,3,Sales Executive,3,Married,8161,2,No,1,10,3,1,0,0,0,13,1,Mid,Medium,Early,Medium
29,1762,No,Research & Development,4,3,Technical Degree,4,Female,2,1,Research Scientist,1,Divorced,2109,1,No,3,1,3,1,0,0,0,13,0,Young,Low,Early,Medium
30,1763,No,Research & Development,16,3,Life Sciences,3,Male,4,2,Healthcare Representative,3,Married,5294,3,No,3,10,3,7,0,1,7,16,0,Mid,Medium,Long,Medium
32,1764,No,Research & Development,5,4,Technical Degree,2,Male,3,1,Research Scientist,2,Single,2718,2,No,2,12,3,7,7,0,7,14,0,Mid,Low,Long,Medium
38,1766,No,Research & Development,18,3,Medical,2,Male,1,2,Healthcare Representative,4,Married,5811,3,Yes,3,15,3,1,0,1,0,16,0,Mid,Medium,Early,Medium
43,1767,Yes,Research & Development,17,3,Technical Degree,3,Male,2,1,Research Scientist,3,Married,2437,9,Yes,4,6,3,1,0,0,0,16,1,Mid,Low,Early,Medium
42,1768,No,Research & Development,12,3,Medical,2,Male,3,1,Laboratory Technician,2,Divorced,2766,8,No,2,7,2,5,3,0,4,22,0,Mid,Low,Mid,High
55,1770,No,Research & Development,2,3,Medical,3,Male,2,5,Research Director,1,Married,19038,8,No,2,34,3,1,0,0,0,12,0,Senior,High,Early,Low
33,1771,No,Research & Development,4,3,Technical Degree,4,Male,3,2,Research Scientist,2,Divorced,3055,5,No,4,11,2,9,8,1,7,15,0,Mid,Low,Long,Medium
41,1772,No,Research & Development,9,4,Life Sciences,3,Male,3,1,Laboratory Technician,1,Divorced,2289,1,No,2,5,3,5,3,0,4,20,0,Mid,Low,Mid,High
34,1774,No,Sales,10,3,Life Sciences,4,Male,3,2,Sales Executive,3,Divorced,4001,1,Yes,3,15,3,15,14,0,7,14,0,Mid,Low,Long,Medium
53,1775,No,Research & Development,1,4,Medical,1,Female,2,4,Manufacturing Director,3,Married,12965,4,Yes,4,27,2,3,2,0,2,20,0,Senior,High,Mid,High
43,1778,No,Human Resources,2,3,Life Sciences,2,Male,3,1,Human Resources,4,Single,3539,0,No,2,10,3,9,7,1,8,13,0,Mid,Low,Long,Medium
34,1779,No,Sales,3,2,Life Sciences,4,Female,1,2,Sales Executive,4,Single,6029,5,No,1,6,3,2,2,2,2,12,0,Mid,Medium,Early,Low
21,1780,Yes,Sales,7,1,Marketing,2,Male,3,1,Sales Representative,2,Single,2679,1,No,2,1,3,1,0,1,0,13,1,Young,Low,Early,Medium
38,1782,No,Research & Development,6,2,Other,4,Female,2,1,Laboratory Technician,3,Married,3702,1,No,2,5,3,5,4,0,4,11,0,Mid,Low,Mid,Low
22,1783,Yes,Research & Development,8,1,Medical,3,Female,3,1,Laboratory Technician,1,Married,2398,1,Yes,3,1,3,1,0,0,0,17,1,Young,Low,Early,Medium
31,1784,No,Sales,29,4,Marketing,1,Female,2,2,Sales Executive,4,Married,5468,1,No,1,13,3,12,7,5,7,14,0,Mid,Medium,Long,Medium
51,1786,No,Research & Development,3,3,Technical Degree,1,Female,3,3,Manager,3,Married,13116,2,No,4,15,3,2,2,2,2,11,0,Senior,High,Early,Low
37,1787,No,Sales,9,2,Marketing,2,Male,2,2,Sales Executive,2,Married,4189,1,No,1,5,3,5,2,0,3,14,0,Mid,Low,Mid,Medium
46,1789,No,Research & Development,2,4,Medical,3,Male,3,5,Research Director,4,Divorced,19328,7,Yes,3,24,3,2,1,2,2,17,0,Senior,High,Early,Medium
36,1790,No,Research & Development,10,3,Life Sciences,4,Male,3,3,Healthcare Representative,1,Married,8321,7,Yes,4,15,3,12,8,5,7,13,0,Mid,Medium,Long,Medium
44,1792,Yes,Research & Development,1,2,Medical,3,Male,3,1,Research Scientist,2,Divorced,2342,1,Yes,3,6,2,5,3,2,3,12,1,Mid,Low,Mid,Low
37,1794,No,Human Resources,8,2,Other,3,Male,3,2,Human Resources,2,Divorced,4071,2,No,3,19,2,10,0,4,7,13,0,Mid,Low,Long,Medium
35,1797,Yes,Sales,27,3,Life Sciences,3,Male,3,2,Sales Executive,4,Single,5813,1,Yes,4,10,3,10,7,7,7,18,1,Mid,Medium,Long,High
33,1798,No,Research & Development,8,4,Life Sciences,4,Male,4,1,Research Scientist,1,Married,3143,6,No,2,14,3,10,8,7,6,19,0,Mid,Low,Long,High
28,1799,No,Research & Development,1,3,Life Sciences,3,Male,3,1,Research Scientist,4,Married,2044,1,No,3,5,4,5,3,0,3,11,0,Young,Low,Mid,Low
39,1800,No,Research & Development,10,1,Medical,3,Male,3,3,Research Director,3,Single,13464,7,No,3,9,3,4,3,2,2,21,0,Mid,High,Mid,High
46,1801,No,Sales,26,2,Life Sciences,2,Male,2,2,Sales Executive,2,Single,7991,8,No,3,6,3,2,2,2,2,15,0,Senior,Medium,Early,Medium
40,1802,No,Research & Development,2,2,Life Sciences,3,Female,3,1,Laboratory Technician,1,Married,3377,4,No,4,7,2,4,3,0,2,17,0,Mid,Low,Mid,Medium
42,1803,No,Research & Development,13,3,Medical,2,Male,4,2,Healthcare Representative,1,Married,5538,5,No,3,10,2,0,0,0,0,18,0,Mid,Medium,Early,High
35,1804,No,Research & Development,2,2,Medical,2,Male,3,2,Manufacturing Director,4,Divorced,5762,2,No,3,15,3,7,7,1,7,14,0,Mid,Medium,Long,Medium
38,1805,No,Human Resources,2,3,Human Resources,1,Male,3,1,Human Resources,2,Divorced,2592,5,No,4,13,3,11,10,3,8,13,0,Mid,Low,Long,Medium
34,1807,Yes,Research & Development,9,4,Life Sciences,4,Male,3,2,Laboratory Technician,1,Married,5346,4,No,3,11,2,7,1,0,7,17,1,Mid,Medium,Long,Medium
37,1809,Yes,Research & Development,10,4,Medical,4,Male,3,2,Manufacturing Director,1,Single,4213,1,No,2,10,1,10,3,0,8,15,1,Mid,Low,Long,Medium
39,1812,No,Sales,20,3,Life Sciences,3,Male,3,2,Sales Executive,4,Divorced,4127,2,No,4,7,3,2,1,2,2,18,0,Mid,Low,Early,High
43,1813,No,Research & Development,9,3,Life Sciences,1,Male,3,1,Research Scientist,3,Single,2438,4,No,3,7,2,3,2,1,2,13,0,Mid,Low,Mid,Medium
41,1814,No,Research & Development,5,3,Life Sciences,2,Male,4,2,Healthcare Representative,2,Single,6870,3,No,1,11,1,3,2,1,2,12,0,Mid,Medium,Mid,Low
41,1815,No,Sales,4,1,Marketing,3,Female,3,3,Sales Executive,3,Divorced,10447,0,Yes,4,23,4,22,14,13,5,13,0,Mid,High,Long,Medium
30,1816,No,Research & Development,10,3,Medical,1,Female,3,3,Manufacturing Director,3,Single,9667,9,No,2,9,3,7,7,0,2,14,0,Mid,Medium,Long,Medium
26,1818,Yes,Human Resources,20,2,Medical,4,Female,3,1,Human Resources,2,Married,2148,0,Yes,3,6,3,5,1,1,4,11,1,Young,Low,Mid,Low
46,1821,Yes,Research & Development,21,2,Medical,4,Female,3,2,Healthcare Representative,2,Married,8926,4,No,4,13,4,9,7,3,7,22,1,Senior,Medium,Long,High
40,1822,No,Research & Development,1,3,Life Sciences,3,Female,3,2,Healthcare Representative,4,Divorced,6513,4,No,4,12,3,5,3,0,3,17,0,Mid,Medium,Mid,Medium
34,1823,No,Sales,8,2,Technical Degree,2,Male,4,2,Sales Executive,3,Married,6799,1,No,3,10,3,10,8,4,8,21,0,Mid,Medium,Long,High
58,1824,No,Sales,2,3,Medical,2,Male,3,4,Manager,2,Divorced,16291,4,No,4,37,2,16,9,14,14,22,0,Senior,High,Long,High
35,1826,No,Research & Development,23,4,Medical,2,Male,1,1,Laboratory Technician,3,Married,2705,0,No,2,6,4,5,4,0,3,16,0,Mid,Low,Mid,Medium
47,1827,No,Research & Development,4,3,Life Sciences,3,Female,2,3,Manufacturing Director,2,Divorced,10333,8,Yes,3,28,3,22,11,14,10,12,0,Senior,High,Long,Low
40,1829,No,Research & Development,12,3,Life Sciences,2,Female,3,2,Healthcare Representative,1,Divorced,4448,2,No,2,15,3,7,4,7,7,12,0,Mid,Low,Long,Low
54,1830,No,Research & Development,7,4,Medical,4,Female,3,2,Research Scientist,4,Married,6854,4,No,2,14,2,7,1,1,7,15,0,Senior,Medium,Long,Medium
31,1833,No,Sales,7,4,Marketing,1,Female,3,3,Sales Executive,1,Married,9637,2,No,4,9,3,3,2,2,2,14,0,Mid,Medium,Mid,Medium
28,1834,No,Research & Development,1,3,Medical,3,Female,3,1,Research Scientist,1,Married,3591,1,No,3,3,3,3,2,1,2,25,0,Young,Low,Mid,High
38,1835,No,Sales,2,4,Marketing,2,Female,1,2,Sales Representative,4,Married,5405,2,Yes,1,20,2,4,2,0,3,20,0,Mid,Medium,Mid,High
26,1836,No,Sales,10,3,Medical,3,Male,3,2,Sales Executive,4,Single,4684,1,No,1,5,3,5,3,1,2,13,0,Young,Low,Mid,Medium
58,1837,No,Research & Development,15,4,Life Sciences,1,Male,3,4,Research Director,3,Married,15787,2,Yes,2,23,3,2,2,2,2,14,0,Senior,High,Early,Medium
18,1839,No,Research & Development,14,3,Medical,2,Female,3,1,Research Scientist,3,Single,1514,1,No,3,0,1,0,0,0,0,16,0,Young,Low,Early,Medium
31,1842,Yes,Human Resources,18,5,Human Resources,4,Male,4,1,Human Resources,1,Married,2956,0,No,3,2,3,1,0,0,0,17,1,Mid,Low,Early,Medium
29,1844,Yes,Human Resources,13,3,Human Resources,1,Male,2,1,Human Resources,1,Divorced,2335,4,Yes,4,4,3,2,2,2,0,15,1,Young,Low,Early,Medium
45,1845,No,Sales,2,4,Life Sciences,3,Female,3,2,Sales Executive,3,Married,5154,4,No,2,10,4,8,7,5,7,22,0,Senior,Medium,Long,High
36,1847,No,Research & Development,2,4,Other,4,Female,3,2,Research Scientist,2,Married,6962,4,Yes,4,15,3,1,0,0,0,22,0,Mid,Medium,Early,High
43,1849,No,Sales,2,4,Life Sciences,1,Male,3,2,Sales Executive,4,Married,5675,1,No,3,7,3,7,7,7,7,20,0,Mid,Medium,Long,High
27,1850,No,Research & Development,5,2,Life Sciences,4,Female,3,1,Laboratory Technician,4,Single,2379,0,Yes,3,6,2,5,4,0,2,14,0,Young,Low,Mid,Medium
29,1852,No,Research & Development,20,1,Medical,4,Male,3,1,Laboratory Technician,4,Married,3812,1,No,2,11,4,11,8,3,10,13,0,Young,Low,Long,Medium
32,1853,No,Sales,10,4,Marketing,4,Male,3,2,Sales Executive,4,Single,4648,8,No,3,4,4,0,0,0,0,13,0,Mid,Low,Early,Medium
42,1854,No,Research & Development,10,4,Technical Degree,3,Male,3,1,Research Scientist,3,Married,2936,3,No,2,10,2,6,3,3,3,22,0,Mid,Low,Mid,High
47,1856,No,Research & Development,9,4,Life Sciences,2,Female,3,1,Laboratory Technician,3,Single,2105,4,No,3,7,3,2,2,2,0,12,0,Senior,Low,Early,Low
46,1857,No,Research & Development,2,2,Life Sciences,4,Male,3,3,Manufacturing Director,4,Divorced,8578,3,No,3,12,2,9,8,4,7,14,0,Senior,Medium,Long,Medium
28,1858,No,Human Resources,1,2,Life Sciences,3,Male,3,1,Human Resources,4,Divorced,2706,1,No,2,3,3,3,2,2,2,15,0,Young,Low,Mid,Medium
29,1859,No,Research & Development,29,1,Life Sciences,4,Male,1,2,Healthcare Representative,3,Divorced,6384,8,No,4,11,3,7,0,1,6,17,0,Young,Medium,Long,Medium
42,1860,No,Research & Development,8,3,Life Sciences,4,Male,3,1,Laboratory Technician,3,Single,3968,4,No,4,8,3,0,0,0,0,13,0,Mid,Low,Early,Medium
32,1862,Yes,Sales,2,4,Marketing,3,Male,2,2,Sales Executive,2,Single,9907,7,Yes,3,7,2,2,2,2,2,12,1,Mid,Medium,Early,Low
46,1863,No,Sales,3,3,Technical Degree,1,Female,4,4,Sales Executive,1,Divorced,13225,2,No,4,25,3,19,17,2,8,12,0,Senior,High,Long,Low
27,1864,No,Sales,23,1,Medical,2,Female,2,2,Sales Representative,3,Married,3540,1,No,4,9,3,9,8,5,8,21,0,Young,Low,Long,High
29,1865,No,Human Resources,6,1,Medical,4,Male,2,1,Human Resources,2,Married,2804,1,No,4,1,3,1,0,0,0,11,0,Young,Low,Early,Low
43,1866,No,Research & Development,6,3,Medical,1,Female,2,5,Manager,3,Married,19392,7,No,4,21,3,16,12,6,14,13,0,Mid,High,Long,Medium
48,1867,No,Research & Development,10,3,Life Sciences,4,Male,2,5,Research Director,2,Married,19665,4,No,4,29,3,22,10,12,9,12,0,Senior,High,Long,Low
29,1868,Yes,Research & Development,24,2,Life Sciences,4,Male,2,1,Research Scientist,4,Single,2439,1,Yes,2,1,2,1,0,1,0,24,1,Young,Low,Early,High
46,1869,Yes,Sales,10,3,Life Sciences,3,Female,3,3,Sales Executive,2,Married,7314,5,No,3,14,3,8,7,0,7,21,1,Senior,Medium,Long,High
27,1870,No,Research & Development,15,3,Life Sciences,4,Female,2,1,Research Scientist,1,Married,4774,0,No,4,8,2,7,6,7,3,19,0,Young,Low,Long,High
39,1871,No,Research & Development,19,4,Other,4,Male,3,2,Research Scientist,4,Divorced,3902,8,No,2,7,3,2,2,2,2,14,0,Mid,Low,Early,Medium
55,1873,No,Research & Development,2,4,Technical Degree,2,Male,2,1,Research Scientist,4,Married,2662,8,No,2,19,4,5,2,0,4,20,0,Senior,Low,Mid,High
28,1875,No,Sales,3,3,Medical,2,Female,3,1,Sales Representative,2,Married,2856,1,No,4,1,3,1,0,0,0,19,0,Young,Low,Early,High
30,1876,Yes,Sales,9,3,Medical,2,Male,3,1,Sales Representative,4,Single,1081,1,No,3,1,2,1,0,0,0,13,1,Mid,Low,Early,Medium
22,1878,Yes,Research & Development,7,1,Life Sciences,4,Male,3,1,Research Scientist,2,Single,2472,1,Yes,1,1,3,1,0,0,0,23,1,Young,Low,Early,High
36,1880,No,Sales,10,4,Technical Degree,2,Female,2,2,Sales Executive,3,Married,5673,1,Yes,1,10,3,10,9,1,7,13,0,Mid,Medium,Long,Medium
31,1881,No,Research & Development,20,3,Life Sciences,2,Male,3,2,Laboratory Technician,3,Divorced,4197,1,No,1,10,3,10,8,0,2,11,0,Mid,Low,Long,Low
34,1882,No,Sales,4,3,Life Sciences,3,Male,3,3,Sales Executive,4,Married,9713,2,Yes,4,9,3,5,3,1,0,13,0,Mid,Medium,Mid,Medium
29,1883,No,Research & Development,7,3,Life Sciences,4,Male,3,1,Laboratory Technician,1,Single,2062,3,No,2,11,3,3,2,1,2,14,0,Young,Low,Mid,Medium
37,1885,No,Research & Development,7,4,Medical,4,Male,3,2,Research Scientist,1,Married,4284,5,Yes,3,16,3,5,3,0,4,22,0,Mid,Low,Mid,High
35,1886,No,Research & Development,16,2,Other,4,Female,2,2,Manufacturing Director,2,Married,4788,0,Yes,4,4,3,3,2,0,2,11,0,Mid,Low,Mid,Low
45,1888,No,Research & Development,25,2,Life Sciences,2,Female,2,2,Manufacturing Director,4,Married,5906,0,No,4,10,2,9,8,3,8,13,0,Senior,Medium,Long,Medium
36,1890,No,Human Resources,2,1,Human Resources,2,Male,2,2,Human Resources,4,Single,3886,1,No,4,10,2,10,1,0,8,21,0,Mid,Low,Long,High
40,1892,No,Research & Development,1,4,Life Sciences,1,Male,3,4,Manager,1,Divorced,16823,2,No,1,22,3,19,7,11,16,11,0,Mid,High,Long,Low
26,1893,No,Research & Development,1,2,Life Sciences,2,Female,2,1,Research Scientist,3,Married,2933,1,Yes,3,1,2,1,0,1,0,13,0,Young,Low,Early,Medium
27,1898,No,Sales,2,2,Medical,1,Female,4,2,Sales Executive,3,Single,6500,0,No,2,9,2,8,7,0,7,14,0,Young,Medium,Long,Medium
48,1900,No,Research & Development,22,3,Medical,4,Female,3,4,Manager,4,Divorced,17174,3,No,2,24,3,22,17,4,7,11,0,Senior,High,Long,Low
44,1903,No,Research & Development,1,4,Life Sciences,2,Male,4,2,Healthcare Representative,1,Married,5033,2,No,4,10,3,2,0,2,2,15,0,Mid,Medium,Early,Medium
34,1905,Yes,Research & Development,16,4,Technical Degree,4,Male,1,1,Research Scientist,1,Married,2307,1,Yes,2,5,3,5,2,3,0,23,1,Mid,Low,Mid,High
56,1907,Yes,Research & Development,24,2,Life Sciences,1,Male,3,1,Laboratory Technician,4,Single,2587,1,No,4,5,3,4,2,1,0,16,1,Senior,Low,Mid,Medium
36,1908,No,Sales,17,2,Marketing,3,Male,2,2,Sales Executive,2,Married,5507,2,No,3,12,1,4,2,1,3,16,0,Mid,Medium,Mid,Medium
41,1909,No,Sales,8,3,Marketing,3,Female,3,2,Sales Executive,2,Married,4393,5,No,3,14,3,5,4,1,4,21,0,Mid,Low,Mid,High
42,1911,No,Research & Development,6,3,Medical,3,Male,3,3,Research Director,1,Married,13348,9,No,2,18,4,13,7,5,7,13,0,Mid,High,Long,Medium
31,1912,No,Sales,10,2,Medical,3,Female,3,2,Sales Executive,4,Divorced,6583,2,Yes,4,8,3,5,2,1,4,11,0,Mid,Medium,Mid,Low
34,1915,No,Sales,3,1,Medical,4,Female,2,2,Sales Executive,4,Married,8103,3,Yes,3,9,2,4,2,0,1,12,0,Mid,Medium,Mid,Low
31,1916,No,Research & Development,4,3,Medical,1,Female,4,1,Laboratory Technician,3,Divorced,3978,8,No,2,4,2,2,2,2,2,12,0,Mid,Low,Early,Low
26,1918,No,Research & Development,6,3,Other,3,Male,4,1,Laboratory Technician,4,Married,2544,0,No,1,8,3,7,7,7,7,18,0,Young,Low,Long,High
45,1922,No,Research & Development,1,4,Medical,2,Male,3,2,Healthcare Representative,3,Single,5399,4,No,3,12,3,4,2,0,3,12,0,Senior,Medium,Mid,Low
33,1924,No,Sales,10,4,Marketing,2,Male,3,2,Sales Executive,3,Single,5487,1,No,2,10,2,10,4,0,9,14,0,Mid,Medium,Long,Medium
28,1927,No,Sales,1,2,Life Sciences,3,Male,2,2,Sales Executive,4,Married,6834,1,Yes,3,7,3,7,7,0,7,12,0,Young,Medium,Long,Low
29,1928,Yes,Sales,24,3,Technical Degree,3,Male,4,1,Sales Representative,1,Single,1091,1,No,4,1,3,1,0,0,0,17,1,Young,Low,Early,Medium
39,1929,No,Sales,21,4,Life Sciences,1,Female,1,2,Sales Executive,3,Married,5736,6,No,3,10,3,3,2,1,2,19,0,Mid,Medium,Mid,High
27,1931,No,Research & Development,2,4,Technical Degree,2,Male,3,1,Research Scientist,2,Married,2226,1,No,3,6,2,5,3,1,2,11,0,Young,Low,Mid,Low
34,1932,No,Research & Development,22,4,Other,3,Male,2,2,Research Scientist,4,Married,5747,1,Yes,2,16,3,15,10,6,11,15,0,Mid,Medium,Long,Medium
28,1933,Yes,Sales,13,2,Marketing,4,Female,3,2,Sales Executive,3,Single,9854,3,Yes,4,6,3,2,0,2,2,11,1,Young,Medium,Early,Low
47,1934,No,Research & Development,14,4,Technical Degree,3,Male,3,2,Research Scientist,2,Married,5467,8,No,3,16,4,8,7,1,7,18,0,Senior,Medium,Long,High
56,1935,No,Sales,11,5,Marketing,4,Female,2,2,Sales Executive,1,Married,5380,4,No,3,6,3,0,0,0,0,16,0,Senior,Medium,Early,Medium
39,1936,No,Research & Development,9,2,Medical,1,Male,3,2,Manufacturing Director,1,Married,5151,1,No,4,10,3,10,0,7,9,25,0,Mid,Medium,Long,High
38,1937,No,Research & Development,8,3,Medical,4,Female,2,2,Research Scientist,2,Divorced,2133,1,Yes,3,20,3,20,11,0,7,16,0,Mid,Low,Long,Medium
58,1938,No,Sales,21,3,Life Sciences,4,Female,3,4,Manager,4,Married,17875,4,Yes,3,29,2,1,0,0,0,13,0,Senior,High,Early,Medium
32,1939,Yes,Research & Development,5,2,Life Sciences,1,Female,4,1,Research Scientist,3,Single,2432,3,Yes,1,8,3,4,1,0,3,14,1,Mid,Low,Mid,Medium
38,1940,No,Research & Development,9,2,Life Sciences,2,Male,3,1,Research Scientist,4,Divorced,4771,2,No,4,10,4,5,2,0,3,19,0,Mid,Low,Mid,High
49,1941,No,Research & Development,2,1,Life Sciences,2,Male,3,5,Research Director,4,Married,19161,3,No,4,28,3,5,4,4,3,15,0,Senior,High,Mid,Medium
42,1943,No,Sales,12,4,Marketing,2,Male,3,2,Sales Executive,4,Divorced,5087,3,Yes,3,14,3,0,0,0,0,12,0,Mid,Medium,Early,Low
27,1944,Yes,Human Resources,22,3,Human Resources,1,Female,2,1,Human Resources,2,Married,2863,1,No,1,1,3,1,0,0,0,12,1,Young,Low,Early,Low
35,1945,No,Sales,18,4,Medical,2,Male,3,2,Sales Executive,1,Married,5561,0,No,4,6,1,5,3,0,4,16,0,Mid,Medium,Mid,Medium
28,1947,No,Research & Development,16,3,Medical,3,Male,3,1,Research Scientist,3,Single,2144,1,No,3,5,2,5,3,1,4,14,0,Young,Low,Mid,Medium
31,1948,No,Research & Development,3,2,Medical,3,Male,3,1,Research Scientist,1,Divorced,3065,1,Yes,4,4,4,4,2,2,3,13,0,Mid,Low,Mid,Medium
36,1949,No,Research & Development,9,4,Life Sciences,1,Male,4,1,Laboratory Technician,2,Married,2810,1,No,2,5,3,5,4,0,2,22,0,Mid,Low,Mid,High
34,1950,No,Sales,1,3,Marketing,1,Male,3,3,Sales Executive,4,Single,9888,1,No,1,14,2,14,8,2,1,21,0,Mid,Medium,Long,High
34,1951,No,Sales,13,4,Medical,4,Male,3,3,Sales Executive,3,Divorced,8628,1,No,3,9,2,8,7,1,1,18,0,Mid,Medium,Long,High
26,1952,No,Research & Development,1,3,Medical,3,Male,3,1,Laboratory Technician,1,Single,2867,0,No,4,8,2,7,7,7,6,13,0,Young,Low,Long,Medium
29,1954,No,Research & Development,1,3,Life Sciences,1,Male,3,2,Healthcare Representative,1,Married,5373,0,No,1,6,2,5,3,0,2,12,0,Young,Medium,Mid,Low
32,1955,No,Research & Development,15,4,Medical,3,Female,3,2,Healthcare Representative,4,Divorced,6667,5,No,2,9,3,5,1,1,2,18,0,Mid,Medium,Mid,High
31,1956,No,Research & Development,1,3,Life Sciences,4,Male,1,2,Research Scientist,1,Married,5003,1,No,2,10,3,10,8,8,7,21,0,Mid,Medium,Long,High
28,1960,Yes,Research & Development,17,3,Technical Degree,3,Male,2,1,Laboratory Technician,4,Divorced,2367,5,No,1,6,2,4,1,0,3,12,1,Young,Low,Mid,Low
38,1961,No,Sales,1,3,Life Sciences,1,Male,2,1,Sales Representative,1,Single,2858,4,No,1,20,2,1,0,0,0,14,0,Mid,Low,Early,Medium
35,1962,No,Sales,7,4,Life Sciences,3,Female,3,2,Sales Executive,4,Married,5204,1,Yes,4,10,3,10,8,0,9,11,0,Mid,Medium,Long,Low
27,1965,No,Sales,9,3,Marketing,4,Male,3,2,Sales Executive,4,Single,4105,1,No,1,7,3,7,7,0,7,14,0,Young,Low,Long,Medium
32,1966,No,Research & Development,5,4,Life Sciences,4,Male,2,2,Manufacturing Director,4,Single,9679,8,No,2,8,3,1,0,0,0,24,0,Mid,Medium,Early,High
31,1967,Yes,Sales,26,4,Marketing,1,Male,3,2,Sales Executive,4,Married,5617,1,Yes,3,10,3,10,7,0,8,11,1,Mid,Medium,Long,Low
53,1968,Yes,Sales,24,4,Life Sciences,1,Male,3,3,Sales Executive,1,Single,10448,6,Yes,2,15,2,2,2,2,2,13,1,Senior,High,Early,Medium
54,1969,No,Research & Development,9,2,Life Sciences,1,Female,3,2,Research Scientist,3,Married,2897,3,No,3,9,2,4,3,2,3,11,0,Senior,Low,Mid,Low
33,1970,No,Research & Development,7,2,Life Sciences,4,Male,3,2,Healthcare Representative,3,Divorced,5968,1,No,3,9,3,9,7,2,8,20,0,Mid,Medium,Long,High
43,1971,No,Research & Development,11,3,Life Sciences,1,Male,3,3,Healthcare Representative,3,Married,7510,1,No,2,10,3,10,9,0,9,17,0,Mid,Medium,Long,Medium
38,1972,No,Human Resources,1,4,Other,4,Male,3,1,Human Resources,2,Married,2991,0,Yes,2,7,3,6,2,1,2,11,0,Mid,Low,Mid,Low
55,1973,No,Human Resources,26,4,Human Resources,3,Male,4,5,Manager,2,Married,19636,4,Yes,1,35,3,10,9,1,4,18,0,Senior,High,Long,High
31,1974,No,Research & Development,2,1,Medical,4,Female,1,1,Laboratory Technician,4,Divorced,1129,1,Yes,3,1,3,1,0,0,0,11,0,Mid,Low,Early,Low
39,1975,No,Sales,15,4,Marketing,2,Male,3,4,Sales Executive,1,Single,13341,0,No,1,21,3,20,8,11,10,12,0,Mid,High,Long,Low
42,1976,No,Research & Development,23,2,Life Sciences,4,Male,2,2,Research Scientist,3,Single,4332,1,No,4,20,3,20,9,3,7,12,0,Mid,Low,Long,Low
31,1979,No,Research & Development,10,3,Medical,3,Female,3,3,Research Director,3,Married,11031,4,No,3,13,4,11,7,4,8,20,0,Mid,High,Long,High
54,1980,No,Research & Development,10,3,Medical,3,Female,3,2,Manufacturing Director,1,Single,4440,6,Yes,4,9,3,5,2,1,4,19,0,Senior,Low,Mid,High
24,1981,No,Research & Development,1,2,Life Sciences,2,Male,2,2,Healthcare Representative,3,Single,4617,1,No,2,4,2,4,3,1,2,12,0,Young,Low,Mid,Low
23,1982,No,Research & Development,12,2,Other,4,Male,3,1,Laboratory Technician,4,Single,2647,1,No,3,5,4,5,2,1,4,13,0,Young,Low,Mid,Medium
40,1985,No,Research & Development,11,3,Technical Degree,4,Female,3,2,Laboratory Technician,3,Married,6323,1,No,1,10,4,10,9,9,4,11,0,Mid,Medium,Long,Low
40,1986,No,Sales,2,2,Marketing,2,Female,3,2,Sales Executive,2,Married,5677,3,No,3,15,3,11,8,5,10,14,0,Mid,Medium,Long,Medium
25,1987,No,Human Resources,2,3,Human Resources,3,Female,3,1,Human Resources,2,Married,2187,4,No,3,6,3,2,0,1,2,14,0,Young,Low,Early,Medium
30,1989,No,Research & Development,1,2,Medical,4,Male,3,1,Laboratory Technician,2,Married,3748,1,No,3,12,2,12,8,1,7,13,0,Mid,Low,Long,Medium
25,1992,No,Research & Development,2,1,Other,4,Male,3,1,Laboratory Technician,3,Divorced,3977,6,Yes,3,7,2,2,2,0,2,19,0,Young,Low,Early,High
47,1993,No,Research & Development,25,3,Medical,1,Male,3,3,Healthcare Representative,3,Single,8633,2,No,2,25,3,17,14,12,11,23,0,Senior,Medium,Long,High
33,1994,No,Research & Development,1,2,Medical,2,Male,2,1,Laboratory Technician,3,Divorced,2008,1,No,3,1,2,1,1,0,0,12,0,Mid,Low,Early,Low
38,1995,No,Sales,1,4,Life Sciences,4,Male,3,2,Sales Executive,2,Married,4440,0,No,1,16,3,15,13,5,8,15,0,Mid,Low,Long,Medium
31,1996,No,Sales,2,2,Life Sciences,1,Male,3,1,Sales Representative,3,Married,3067,0,No,3,3,3,2,2,1,2,19,0,Mid,Low,Early,High
38,1997,No,Research & Development,6,4,Life Sciences,1,Male,2,2,Manufacturing Director,3,Married,5321,2,No,4,10,3,8,3,7,7,11,0,Mid,Medium,Long,Low
42,1998,No,Research & Development,18,4,Life Sciences,4,Male,3,2,Research Scientist,1,Divorced,5410,6,Yes,3,9,2,4,3,1,2,17,0,Mid,Medium,Mid,Medium
41,1999,No,Research & Development,1,3,Life Sciences,4,Male,3,1,Research Scientist,4,Married,2782,3,No,1,12,3,5,3,1,0,22,0,Mid,Low,Mid,High
47,2000,No,Research & Development,1,1,Medical,3,Female,3,3,Research Director,2,Married,11957,0,No,1,14,1,13,8,5,12,18,0,Senior,High,Long,High
35,2003,No,Research & Development,11,4,Medical,4,Male,3,1,Laboratory Technician,3,Married,2660,7,Yes,3,5,3,2,2,2,2,11,0,Mid,Low,Early,Low
22,2007,No,Research & Development,1,2,Life Sciences,4,Male,3,1,Research Scientist,3,Single,3375,0,No,4,4,4,3,2,1,2,12,0,Young,Low,Mid,Low
35,2008,No,Research & Development,9,4,Medical,2,Male,3,2,Research Scientist,3,Single,5098,1,No,2,10,3,10,7,0,8,19,0,Mid,Medium,Long,High
33,2009,No,Research & Development,15,2,Medical,2,Female,3,2,Healthcare Representative,4,Married,4878,0,Yes,1,10,3,9,7,8,1,13,0,Mid,Low,Long,Medium
32,2010,No,Research & Development,29,4,Life Sciences,3,Female,2,1,Laboratory Technician,2,Single,2837,1,No,3,6,3,6,2,4,1,13,0,Mid,Low,Mid,Medium
40,2012,No,Research & Development,1,4,Life Sciences,1,Male,3,1,Laboratory Technician,4,Married,2406,8,No,3,8,2,1,0,0,0,19,0,Mid,Low,Early,High
32,2013,No,Sales,1,4,Medical,2,Male,2,1,Sales Representative,2,Married,2269,0,No,2,3,3,2,2,2,2,14,0,Mid,Low,Early,Medium
39,2014,No,Research & Development,24,1,Life Sciences,1,Male,3,2,Research Scientist,4,Single,4108,7,No,1,18,3,7,7,1,7,13,0,Mid,Low,Long,Medium
38,2015,No,Research & Development,10,3,Medical,2,Female,1,3,Research Director,3,Married,13206,3,No,1,20,3,18,16,1,11,12,0,Mid,High,Long,Low
32,2016,No,Sales,1,4,Marketing,3,Female,3,3,Sales Executive,4,Married,10422,1,No,3,14,3,14,10,5,7,19,0,Mid,High,Long,High
37,2017,No,Research & Development,10,3,Life Sciences,3,Female,4,3,Research Director,4,Married,13744,1,Yes,1,16,3,16,11,6,8,25,0,Mid,High,Long,High
25,2018,No,Sales,8,2,Other,1,Female,3,2,Sales Executive,3,Divorced,4907,0,Yes,2,6,2,5,3,0,4,22,0,Young,Low,Mid,High
52,2019,No,Sales,29,4,Life Sciences,1,Male,3,1,Sales Representative,4,Divorced,3482,2,No,2,16,2,9,8,0,0,15,0,Senior,Low,Long,Medium
44,2020,No,Research & Development,1,3,Medical,2,Male,3,1,Research Scientist,4,Single,2436,6,Yes,3,6,3,4,3,1,2,12,0,Mid,Low,Mid,Low
21,2021,No,Sales,5,1,Medical,3,Male,3,1,Sales Representative,1,Single,2380,1,Yes,4,2,3,2,2,1,2,11,0,Young,Low,Early,Low
39,2022,No,Research & Development,9,3,Life Sciences,4,Male,3,5,Manager,4,Single,19431,2,No,3,21,2,6,0,1,3,13,0,Mid,High,Mid,Medium
23,2023,Yes,Sales,9,3,Marketing,4,Male,3,1,Sales Representative,1,Married,1790,1,No,1,1,2,1,0,1,0,19,1,Young,Low,Early,High
36,2024,No,Sales,3,3,Medical,1,Female,2,3,Sales Executive,4,Married,7644,0,No,3,10,3,9,7,3,4,19,0,Mid,Medium,Long,High
36,2025,No,Research & Development,4,2,Life Sciences,4,Female,3,2,Manufacturing Director,2,Divorced,5131,7,No,2,18,3,4,2,0,2,13,0,Mid,Medium,Mid,Medium
56,2026,No,Research & Development,1,4,Life Sciences,3,Male,3,2,Healthcare Representative,3,Divorced,6306,1,No,1,13,2,13,12,1,9,21,0,Senior,Medium,Long,High
29,2027,Yes,Research & Development,1,4,Medical,1,Male,3,1,Research Scientist,4,Married,4787,9,Yes,2,4,4,2,2,2,2,14,1,Young,Low,Early,Medium
42,2031,No,Research & Development,2,3,Life Sciences,1,Male,3,5,Manager,3,Married,18880,5,No,1,24,2,22,6,4,14,11,0,Mid,High,Long,Low
56,2032,Yes,Research & Development,7,2,Technical Degree,4,Male,3,1,Laboratory Technician,3,Married,2339,8,No,4,14,1,10,9,9,8,11,1,Senior,Low,Long,Low
41,2034,No,Research & Development,28,4,Life Sciences,1,Female,2,4,Manufacturing Director,2,Married,13570,0,No,3,21,3,20,7,0,10,23,0,Mid,High,Long,High
34,2035,No,Sales,28,3,Marketing,4,Female,2,2,Sales Executive,3,Married,6712,1,No,4,8,3,8,7,1,7,21,0,Mid,Medium,Long,High
36,2036,No,Sales,15,4,Marketing,4,Male,1,2,Sales Executive,4,Divorced,5406,1,No,1,15,2,15,12,11,11,24,0,Mid,Medium,Long,High
41,2037,No,Sales,3,3,Life Sciences,3,Male,2,2,Sales Executive,2,Divorced,8938,2,No,3,14,3,5,4,0,4,11,0,Mid,Medium,Mid,Low
32,2038,No,Research & Development,2,3,Technical Degree,4,Male,3,1,Research Scientist,1,Single,2439,1,No,4,4,3,4,2,1,2,14,0,Mid,Low,Mid,Medium
35,2040,No,Human Resources,26,4,Life Sciences,3,Female,3,3,Human Resources,4,Single,8837,1,Yes,3,9,3,9,0,1,7,16,0,Mid,Medium,Long,Medium
38,2041,No,Sales,10,2,Life Sciences,1,Female,3,2,Sales Executive,4,Married,5343,1,No,3,10,3,10,7,1,9,11,0,Mid,Medium,Long,Low
50,2044,Yes,Sales,1,4,Life Sciences,2,Male,3,2,Sales Executive,3,Divorced,6728,7,No,4,12,3,6,3,0,1,12,1,Senior,Medium,Mid,Low
36,2045,No,Sales,11,4,Marketing,2,Female,2,2,Sales Executive,4,Married,6652,4,No,1,8,2,6,3,0,0,13,0,Mid,Medium,Mid,Medium
45,2046,No,Sales,20,3,Life Sciences,4,Female,3,2,Sales Executive,3,Single,4850,8,No,3,8,3,5,3,0,1,15,0,Senior,Low,Mid,Medium
40,2048,No,Research & Development,2,4,Life Sciences,3,Male,2,1,Research Scientist,3,Single,2809,2,No,4,8,3,2,2,2,2,14,0,Mid,Low,Early,Medium
35,2049,No,Research & Development,18,4,Life Sciences,3,Male,3,2,Healthcare Representative,3,Married,5689,1,Yes,4,10,4,10,2,0,2,14,0,Mid,Medium,Long,Medium
40,2051,No,Research & Development,2,4,Medical,3,Female,3,1,Research Scientist,3,Married,2001,2,No,2,20,3,5,3,0,2,14,0,Mid,Low,Mid,Medium
35,2052,No,Research & Development,1,4,Life Sciences,3,Female,1,1,Research Scientist,4,Married,2977,1,No,4,4,3,4,3,1,1,12,0,Mid,Low,Mid,Low
29,2053,No,Research & Development,13,2,Other,4,Male,2,2,Laboratory Technician,2,Married,4025,4,Yes,1,10,3,4,3,0,3,13,0,Young,Low,Mid,Medium
29,2054,No,Research & Development,28,4,Medical,4,Female,2,1,Research Scientist,1,Single,3785,1,No,2,5,1,5,4,0,4,14,0,Young,Low,Mid,Medium
50,2055,Yes,Sales,28,3,Marketing,4,Male,2,3,Sales Executive,1,Divorced,10854,4,Yes,2,20,3,3,2,2,0,13,1,Senior,High,Mid,Medium
39,2056,No,Sales,24,1,Marketing,2,Female,2,4,Sales Executive,4,Married,12031,0,No,1,21,2,20,9,9,6,11,0,Mid,High,Long,Low
31,2057,No,Research & Development,5,3,Medical,2,Male,3,2,Manufacturing Director,1,Single,9936,0,No,2,10,3,9,4,1,7,19,0,Mid,Medium,Long,High
26,2060,No,Sales,5,3,Other,4,Female,2,1,Sales Representative,3,Single,2966,0,No,4,5,3,4,2,0,0,18,0,Young,Low,Mid,High
36,2061,No,Research & Development,23,2,Medical,3,Male,4,2,Laboratory Technician,4,Married,2571,4,No,3,17,3,5,2,0,3,17,0,Mid,Low,Mid,Medium
39,2062,No,Research & Development,6,1,Medical,4,Male,2,3,Healthcare Representative,1,Married,9991,4,No,1,9,3,7,7,1,7,15,0,Mid,Medium,Long,Medium
27,2064,No,Research & Development,4,3,Life Sciences,2,Male,4,2,Manufacturing Director,2,Married,6142,1,Yes,2,6,3,6,2,0,3,20,0,Young,Medium,Mid,High
49,2065,No,Sales,2,3,Medical,4,Male,2,2,Sales Executive,2,Married,5390,2,No,4,17,2,9,6,0,8,14,0,Senior,Medium,Long,Medium
34,2068,No,Research & Development,8,3,Medical,2,Male,4,2,Laboratory Technician,3,Married,4404,2,No,1,6,4,4,3,1,2,12,0,Mid,Low,Mid,Low
